Symbols,Company_Names,Sectors,Industry,Short_Names
20MICRONS,20 Microns Limited,Basic Materials,Other Industrial Metals & Mining,20MiLi
21STCENMGM,21st Century Management Services Limited,Financial Services,Management Services,21CeMaSeLi
360ONE,360 ONE WAM LIMITED,Financial Services,Investment Management,36ONWALI
3IINFOLTD,3i Infotech Limited,Technology,IT Services,3iInLi
3MINDIA,3M India Limited,Consumer Goods,Diversified Industrial Products,3MInLi
3PLAND,3P Land Holdings Limited,Real Estate,Real Estate Development,3PLaHoLi
5PAISA,5Paisa Capital Limited,Financial Services,Financial Services,5PCaLi
63MOONS,63 Moons Technologies Limited,Technology,IT Services,63MoTeLi
A2ZINFRA,A2Z Infra Engineering Limited,Infrastructure,Engineering & Construction,A2InEnLi
AAATECH,AAA Technologies Limited,Technology,IT Services,AATeLi
AAKASH,Aakash Exploration Services Limited,Energy,Oil & Gas Exploration,AaExSeLi
AAREYDRUGS,Aarey Drugs & Pharmaceuticals Limited,Healthcare,Pharmaceuticals,AaDr_PhLi
AARON,Aaron Industries Limited,Basic Materials,Other Industrial Products,AaInLi
AARTECH,Aartech Solonics Limited,Technology,Electronics Manufacturing,AaSoLi
AARTIDRUGS,Aarti Drugs Limited,Healthcare,Pharmaceuticals,AaDrLi
AARTIIND,Aarti Industries Limited,Basic Materials,Specialty Chemicals,AaInLi
AARTIPHARM,Aarti Pharmalabs Limited,Healthcare,Pharmaceuticals,AaPhLi
AARTISURF,Aarti Surfactants Limited,Basic Materials,Specialty Chemicals,AaSuLi
AARVEEDEN,Aarvee Denims & Exports Limited,Consumer Goods,Textiles,AaDe_ExLi
AARVI,Aarvi Encon Limited,Services,Engineering & Consulting,AaEnLi
AAVAS,Aavas Financiers Limited,Financial Services,Housing Finance,AaFiLi
ABAN,Aban Offshore Limited,Energy,Oil & Gas,AbOfLi
ABB,ABB India Limited,Technology,Engineering & Technology,ABInLi
ABBOTINDIA,Abbott India Limited,Healthcare,Pharmaceuticals,AbInLi
ABCAPITAL,Aditya Birla Capital Limited,Financial Services,Investment Banking,AdBiCaLi
ABFRL,Aditya Birla Fashion and Retail Limited,Consumer Goods,Apparel & Retail,AdBiFaanReLi
ABMINTLLTD,ABM International Limited,Logistics,Shipping & Logistics,ABInLi
ABSLAMC,Aditya Birla Sun Life AMC Limited,Financial Services,Asset Management,AdBiSuLiAMLi
ACC,ACC Limited,Basic Materials,Cement Production,ACLi
ACCELYA,Accelya Solutions India Limited,Technology,IT Services,AcSoInLi
ACCURACY,Accuracy Shipping Limited,Services,Shipping & Logistics,AcShLi
ACE,Action Construction Equipment Limited,Industrial Goods,Construction Equipment,AcCoEqLi
ACEINTEG,Ace Integrated Solutions Limited,Technology,IT Services,AcInSoLi
ACI,Archean Chemical Industries Limited,Basic Materials,Specialty Chemicals,ArChInLi
ACL,Andhra Cements Limited,Basic Materials,Cement Production,AnCeLi
ACLGATI,Allcargo Gati Limited,Logistics,Logistics & Transportation,AlGaLi
ADANIENSOL,Adani Energy Solutions Limited,Energy,Renewable Energy,AdEnSoLi
ADANIENT,Adani Enterprises Limited,Conglomerate,Diversified Operations,AdEnLi
ADANIGREEN,Adani Green Energy Limited,Energy,Renewable Energy,AdGrEnLi
ADANIPORTS,Adani Ports and Special Economic Zone Limited,Infrastructure,Port Management & Logistics,AdPoanSpEcZoLi
ADANIPOWER,Adani Power Limited,Energy,Power Generation,AdPoLi
ADFFOODS,ADF Foods Limited,Consumer Goods,Food Products,ADFoLi
ADL,Archidply Decor Limited,Consumer Goods,Furniture & Decor,ArDeLi
ADORWELD,Ador Welding Limited,Basic Materials,Welding Equipment,AdWeLi
ADROITINFO,Adroit Infotech Limited,Technology,IT Services,AdInLi
ADSL,Allied Digital Services Limited,Technology,IT Services,AlDiSeLi
ADVANIHOTR,Advani Hotels & Resorts (India) Limited,Hospitality,Hotels & Resorts,AdHo_Re_ILi
ADVENZYMES,Advanced Enzyme Technologies Limited,Healthcare,Biotechnology,AdEnTeLi
AEGISCHEM,Aegis Logistics Limited,Logistics,Logistics & Supply Chain,AeLoLi
AEROFLEX,Aeroflex Industries Limited,Basic Materials,Industrial Equipment,AeInLi
AETHER,Aether Industries Limited,Chemicals,Specialty Chemicals,AeInLi
AFFLE,Affle (India) Limited,Technology,Digital Advertising,Af_ILi
AGARIND,Agarwal Industrial Corporation Limited,Basic Materials,Other Industrial Products,AgInCoLi
AGI,AGI Greenpac Limited,Basic Materials,Packaging Solutions,AGGrLi
AGRITECH,Agri-Tech (India) Limited,Agriculture,Agri-Tech Products,Ag_ILi
AGROPHOS,Agro Phos India Limited,Agriculture,Fertilizers,AgPhInLi
AGSTRA,AGS Transact Technologies Limited,Technology,IT Services,AGTrTeLi
AHL,Abans Holdings Limited,Financial Services,Investment Services,AbHoLi
AHLADA,Ahlada Engineers Limited,Engineering,Engineering Services,AhEnLi
AHLEAST,Asian Hotels (East) Limited,Hospitality,Hotels & Resorts,AsHo_ELi
AHLUCONT,Ahluwalia Contracts (India) Limited,Construction,Construction Services,AhCo_ILi
AIAENG,AIA Engineering Limited,Engineering,Manufacturing & Engineering Services,AIEnLi
AIRAN,Airan Limited,Services,General Trading,AiLi
AIROLAM,Airo Lam limited,Basic Materials,Laminate & Decorative Solutions,AiLali
AJANTPHARM,Ajanta Pharma Limited,Healthcare,Pharmaceuticals,AjPhLi
AJMERA,Ajmera Realty & Infra India Limited,Real Estate,Real Estate Development,AjRe_InInLi
AJOONI,Ajooni Biotech Limited,Healthcare,Biotechnology,AjBiLi
AKASH,Akash Infra-Projects Limited,Infrastructure,Construction Services,AkInLi
AKG,Akg Exim Limited,Consumer Goods,Trading,AkExLi
AKI,AKI India Limited,Industrial Goods,Manufacturing,AKInLi
AKSHAR,Akshar Spintex Limited,Textiles,Textile Manufacturing,AkSpLi
AKSHARCHEM,AksharChem India Limited,Chemicals,Specialty Chemicals,AkInLi
AKSHOPTFBR,Aksh Optifibre Limited,Telecommunications,Optical Fiber Products,AkOpLi
AKZOINDIA,Akzo Nobel India Limited,Chemicals,Coatings,AkNoInLi
ALANKIT,Alankit Limited,Technology,IT Services,AlLi
ALBERTDAVD,Albert David Limited,Healthcare,Pharmaceuticals,AlDaLi
ALEMBICLTD,Alembic Limited,Healthcare,Pharmaceuticals,AlLi
ALICON,Alicon Castalloy Limited,Manufacturing,Castings,AlCaLi
ALKALI,Alkali Metals Limited,Basic Materials,Chemicals,AlMeLi
ALKEM,Alkem Laboratories Limited,Healthcare,Pharmaceuticals,AlLaLi
ALKYLAMINE,Alkyl Amines Chemicals Limited,Chemicals,Specialty Chemicals,AlAmChLi
ALLCARGO,Allcargo Logistics Limited,Logistics,Supply Chain & Logistics,AlLoLi
ALLSEC,Allsec Technologies Limited,Technology,IT Services,AlTeLi
ALMONDZ,Almondz Global Securities Limited,Financial Services,Financial Services,AlGlSeLi
ALOKINDS,Alok Industries Limited,Textiles,Textiles,AlInLi
ALPA,Alpa Laboratories Limited,Healthcare,Pharmaceuticals,AlLaLi
ALPHAGEO,Alphageo (India) Limited,Geosciences,Geophysical Services,Al_ILi
ALPSINDUS,Alps Industries Limited,Consumer Goods,Industrial Manufacturing,AlInLi
AMBER,Amber Enterprises India Limited,Consumer Goods,Air Conditioning & Refrigeration,AmEnInLi
AMBICAAGAR,Ambica Agarbathies & Aroma industries Limited,Consumer Goods,Agarbatti & Incense Products,AmAg_ArinLi
AMBIKCO,Ambika Cotton Mills Limited,Textiles,Cotton Manufacturing,AmCoMiLi
AMBUJACEM,Ambuja Cements Limited,Basic Materials,Cement Production,AmCeLi
AMDIND,AMD Industries Limited,Basic Materials,Packaging Solutions,AMInLi
AMIORG,Ami Organics Limited,Chemicals,Specialty Chemicals,AmOrLi
AMJLAND,Amj Land Holdings Limited,Real Estate,Real Estate Development,AmLaHoLi
AMNPLST,Amines & Plasticizers Limited,Chemicals,Chemical Manufacturing,Am_PlLi
AMRUTANJAN,Amrutanjan Health Care Limited,Healthcare,Pharmaceuticals,AmHeCaLi
ANANDRATHI,Anand Rathi Wealth Limited,Financial Services,Wealth Management,AnRaWeLi
ANANTRAJ,Anant Raj Limited,Real Estate,Real Estate Development,AnRaLi
ANDHRAPAP,ANDHRA PAPER LIMITED,Basic Materials,Paper Products,ANPALI
ANDHRSUGAR,The Andhra Sugars Limited,Agriculture,Sugar Production,ThAnSuLi
ANGELONE,Angel One Limited,Financial Services,Stock Broking & Investment Services,AnOnLi
ANIKINDS,Anik Industries Limited,Basic Materials,Industrial Manufacturing,AnInLi
ANKITMETAL,Ankit Metal & Power Limited,Basic Materials,Steel & Power Manufacturing,AnMe_PoLi
ANMOL,Anmol India Limited,Consumer Goods,Consumer Goods Manufacturing,AnInLi
ANSALAPI,Ansal Properties & Infrastructure Limited,Real Estate,Real Estate Development,AnPr_InLi
ANTGRAPHIC,Antarctica Limited,Consumer Goods,Graphic Designing,AnLi
ANUP,The Anup Engineering Limited,Engineering,Engineering Services,ThAnEnLi
ANURAS,Anupam Rasayan India Limited,Chemicals,Specialty Chemicals,AnRaInLi
APARINDS,Apar Industries Limited,Basic Materials,Electrical Equipment,ApInLi
APCL,Anjani Portland Cement Limited,Basic Materials,Cement Production,AnPoCeLi
APCOTEXIND,Apcotex Industries Limited,Basic Materials,Chemical Manufacturing,ApInLi
APEX,Apex Frozen Foods Limited,Consumer Goods,Frozen Food Production,ApFrFoLi
APLAPOLLO,APL Apollo Tubes Limited,Basic Materials,Steel Pipes,APApTuLi
APLTD,Alembic Pharmaceuticals Limited,Healthcare,Pharmaceuticals,AlPhLi
APOLLO,Apollo Micro Systems Limited,Electronics,Micro Systems,ApMiSyLi
APOLLOHOSP,Apollo Hospitals Enterprise Limited,Healthcare,Healthcare Services,ApHoEnLi
APOLLOPIPE,Apollo Pipes Limited,Basic Materials,Pipes Manufacturing,ApPiLi
APOLLOTYRE,Apollo Tyres Limited,Basic Materials,Tire Manufacturing,ApTyLi
APOLSINHOT,Apollo Sindoori Hotels Limited,Hospitality,Hotel Management,ApSiHoLi
APTECHT,Aptech Limited,Education,Education & Training,ApLi
APTUS,Aptus Value Housing Finance India Limited,Financial Services,Housing Finance,ApVaHoFiInLi
ARCHIDPLY,Archidply Industries Limited,Basic Materials,Plywood Manufacturing,ArInLi
ARCHIES,Archies Limited,Consumer Goods,Greeting Cards & Gifts,ArLi
ARE&M,Amara Raja Energy & Mobility Limited,Energy,Energy Solutions,AmRaEn_MoLi
ARENTERP,Rajdarshan Industries Limited,Basic Materials,Glass & Ceramics,RaInLi
ARIES,Aries Agro Limited,Agriculture,Agro Products,ArAgLi
ARIHANTCAP,Arihant Capital Markets Limited,Financial Services,Capital Markets,ArCaMaLi
ARIHANTSUP,Arihant Superstructures Limited,Real Estate,Real Estate Development,ArSuLi
ARMANFIN,Arman Financial Services Limited,Financial Services,Financial Services,ArFiSeLi
AROGRANITE,Aro Granite Industries Limited,Basic Materials,Granite Manufacturing,ArGrInLi
ARROWGREEN,Arrow Greentech Limited,Chemicals,Green Technology,ArGrLi
ARSHIYA,Arshiya Limited,Logistics,Logistics & Supply Chain,ArLi
ARSSINFRA,ARSS Infrastructure Projects Limited,Infrastructure,Infrastructure Development,ARInPrLi
ARTEMISMED,Artemis Medicare Services Limited,Healthcare,Healthcare Services,ArMeSeLi
ARTNIRMAN,Art Nirman Limited,Real Estate,Real Estate Development,ArNiLi
ARVEE,Arvee Laboratories (India) Limited,Pharmaceuticals,Pharmaceuticals,ArLa_ILi
ARVIND,Arvind Limited,Textiles,Textile Manufacturing,ArLi
ARVINDFASN,Arvind Fashions Limited,Textiles,Fashion Industry,ArFaLi
ARVSMART,Arvind SmartSpaces Limited,Real Estate,Real Estate Development,ArSmLi
ASAHIINDIA,Asahi India Glass Limited,Basic Materials,Glass Manufacturing,AsInGlLi
ASAHISONG,Asahi Songwon Colors Limited,Chemicals,Color Manufacturing,AsSoCoLi
ASAL,Automotive Stampings and Assemblies Limited,Automotive,Automotive Components,AuStanAsLi
ASALCBR,Associated Alcohols & Breweries Ltd.,Beverages,Alcohol Production,AsAl_BrLt
ASHAPURMIN,Ashapura Minechem Limited,Basic Materials,Other Industrial Metals & Mining,AsMiLi
ASHIANA,Ashiana Housing Limited,Real Estate,Housing Development,AsHoLi
ASHIMASYN,Ashima Limited,Textiles,Textile Manufacturing,AsLi
ASHOKA,Ashoka Buildcon Limited,Infrastructure,Construction,AsBuLi
ASHOKAMET,Ashoka Metcast Limited,Basic Materials,Metal Manufacturing,AsMeLi
ASHOKLEY,Ashok Leyland Limited,Automotive,Automotive Manufacturing,AsLeLi
ASIANENE,Asian Energy Services Limited,Energy,Energy Services,AsEnSeLi
ASIANHOTNR,Asian Hotels (North) Limited,Hospitality,Hotel Management,AsHo_NLi
ASIANPAINT,Asian Paints Limited,Consumer Goods,Paint Manufacturing,AsPaLi
ASIANTILES,Asian Granito India Limited,Basic Materials,Tile Manufacturing,AsGrInLi
ASKAUTOLTD,ASK Automotive Limited,Automotive,Automotive Components,ASAuLi
ASMS,Bartronics India Limited,Technology,Electronics & Electrical,BaInLi
ASPINWALL,Aspinwall and Company Limited,Logistics,Logistics Services,AsanCoLi
ASTEC,Astec LifeSciences Limited,Healthcare,Pharmaceuticals,AsLiLi
ASTERDM,Aster DM Healthcare Limited,Healthcare,Healthcare Services,AsDMHeLi
ASTRAL,Astral Limited,Basic Materials,Plastic Manufacturing,AsLi
ASTRAMICRO,Astra Microwave Products Limited,Electronics,Microwave Manufacturing,AsMiPrLi
ASTRAZEN,AstraZeneca Pharma India Limited,Healthcare,Pharmaceuticals,AsPhInLi
ASTRON,Astron Paper & Board Mill Limited,Basic Materials,Paper Manufacturing,AsPa_BoMiLi
ATALREAL,Atal Realtech Limited,Real Estate,Real Estate Development,AtReLi
ATAM,Atam Valves Limited,Engineering,Valve Manufacturing,AtVaLi
ATFL,Agro Tech Foods Limited,Consumer Goods,Food Products,AgTeFoLi
ATGL,Adani Total Gas Limited,Energy,Gas Distribution,AdToGaLi
ATL,Allcargo Terminals Limited,Logistics,Terminal Operations,AlTeLi
ATLANTAA,ATLANTAA LIMITED,Logistics,Logistics Services,ATLI
ATUL,Atul Limited,Basic Materials,Chemicals,AtLi
ATULAUTO,Atul Auto Limited,Automotive,Automotive Manufacturing,AtAuLi
AUBANK,AU Small Finance Bank Limited,Financial Services,Banking Services,AUSmFiBaLi
AURIONPRO,Aurionpro Solutions Limited,Technology,IT Solutions,AuSoLi
AUROPHARMA,Aurobindo Pharma Limited,Healthcare,Pharmaceuticals,AuPhLi
AURUM,Aurum PropTech Limited,Real Estate,Real Estate Technology,AuPrLi
AUSOMENT,Ausom Enterprise Limited,Consumer Goods,Consumer Products,AuEnLi
AUTOAXLES,Automotive Axles Limited,Automotive,Axles Manufacturing,AuAxLi
AUTOIND,Autoline Industries Limited,Automotive,Automotive Manufacturing,AuInLi
AVADHSUGAR,Avadh Sugar & Energy Limited,Agriculture,Sugar Production,AvSu_EnLi
AVALON,Avalon Technologies Limited,Technology,IT Services,AvTeLi
AVANTIFEED,Avanti Feeds Limited,Agriculture,Feed Manufacturing,AvFeLi
AVG,AVG Logistics Limited,Logistics,Logistics Services,AVLoLi
AVONMORE,Avonmore Capital & Management Services Limited,Financial Services,Investment Services,AvCa_MaSeLi
AVROIND,AVRO INDIA LIMITED,Manufacturing,Industrial Manufacturing,AVINLI
AVTNPL,AVT Natural Products Limited,Agriculture,Natural Products,AVNaPrLi
AWHCL,Antony Waste Handling Cell Limited,Environmental,Waste Management,AnWaHaCeLi
AWL,Adani Wilmar Limited,Consumer Goods,Food Products,AdWiLi
AXISBANK,Axis Bank Limited,Financial Services,Banking Services,AxBaLi
AXISCADES,AXISCADES Technologies Limited,Technology,IT Services,AXTeLi
AXITA,Axita Cotton Limited,Textiles,Cotton Manufacturing,AxCoLi
AYMSYNTEX,AYM Syntex Limited,Textiles,Textile Manufacturing,AYSyLi
AZAD,Azad Engineering Limited,Engineering,Engineering Services,AzEnLi
BAFNAPH,Bafna Pharmaceuticals Limited,Healthcare,Pharmaceuticals,BaPhLi
BAGFILMS,B.A.G Films and Media Limited,Media,Film Production,B.FianMeLi
BAIDFIN,Baid Finserv Limited,Financial Services,Investment Services,BaFiLi
BAJAJ-AUTO,Bajaj Auto Limited,Automotive,Automotive Manufacturing,BaAuLi
BAJAJCON,Bajaj Consumer Care Limited,Consumer Goods,Consumer Goods Manufacturing,BaCoCaLi
BAJAJELEC,Bajaj Electricals Limited,Electrical,Electrical Equipment,BaElLi
BAJAJFINSV,Bajaj Finserv Limited,Financial Services,Financial Services,BaFiLi
BAJAJHCARE,Bajaj Healthcare Limited,Pharmaceuticals,Healthcare,BaHeLi
BAJAJHIND,Bajaj Hindusthan Sugar Limited,Sugar Production,Agriculture,BaHiSuLi
BAJAJHLDNG,Bajaj Holdings & Investment Limited,Investment Management,Financial Services,BaHo_InLi
BAJEL,Bajel Projects Limited,Construction,Infrastructure,BaPrLi
BAJFINANCE,Bajaj Finance Limited,Financial Services,Financial Services,BaFiLi
BALAJITELE,Balaji Telefilms Limited,Media & Entertainment,Entertainment,BaTeLi
BALAMINES,Balaji Amines Limited,Chemicals,Chemicals,BaAmLi
BALAXI,BALAXI PHARMACEUTICALS LIMITED,Pharmaceuticals,Healthcare,BAPHLI
BALKRI-RE,Balkrshn Paper Mil Ltd-RE,Paper Production,Manufacturing,BaPaMiLt
BALKRISHNA,Balkrishna Paper Mills Limited,Paper Production,Manufacturing,BaPaMiLi
BALKRISIND,Balkrishna Industries Limited,Manufacturing,Manufacturing,BaInLi
BALMLAWRIE,Balmer Lawrie & Company Limited,Logistics,Logistics,BaLa_CoLi
BALPHARMA,Bal Pharma Limited,Pharmaceuticals,Healthcare,BaPhLi
BALRAMCHIN,Balrampur Chini Mills Limited,Sugar Production,Agriculture,BaChMiLi
BANARBEADS,Banaras Beads Limited,Handicrafts,Handicrafts,BaBeLi
BANARISUG,Bannari Amman Sugars Limited,Sugar Production,Agriculture,BaAmSuLi
BANCOINDIA,Banco Products (I) Limited,Manufacturing,Manufacturing,BaPr_ILi
BANDHANBNK,Bandhan Bank Limited,Banking,Financial Services,BaBaLi
BANG,Bang Overseas Limited,Trading,Trading,BaOvLi
BANKA,Banka BioLoo Limited,Environmental Services,Clean Technology,BaBiLi
BANKBARODA,Bank of Baroda,Banking,Financial Services,BaofBa
BANKINDIA,Bank of India,Banking,Financial Services,BaofIn
BANSWRAS,Banswara Syntex Limited,Textiles,Manufacturing,BaSyLi
BARBEQUE,Barbeque Nation Hospitality Limited,Hospitality,Hospitality,BaNaHoLi
BASF,BASF India Limited,Chemicals,Chemicals,BAInLi
BASML,Bannari Amman Spinning Mills Limited,Textiles,Manufacturing,BaAmSpMiLi
BATAINDIA,Bata India Limited,Retail,Retail,BaInLi
BAYERCROP,Bayer Cropscience Limited,Agriculture,Agriculture,BaCrLi
BBL,Bharat Bijlee Limited,Manufacturing,Manufacturing,BhBiLi
BBOX,Black Box Limited,Technology,Technology,BlBoLi
BBTC,Bombay Burmah Trading Corporation Limited,Diversified,Conglomerate,BoBuTrCoLi
BBTCL,B&B Triplewall Containers Limited,Manufacturing,Manufacturing,B_TrCoLi
BCG,Brightcom Group Limited,Technology,Technology,BrGrLi
BCLIND,Bcl Industries Limited,Manufacturing,Manufacturing,BcInLi
BCONCEPTS,Brand Concepts Limited,Consumer Goods,Consumer Products,BrCoLi
BDL,Bharat Dynamics Limited,Defense,Defense,BhDyLi
BEARDSELL,Beardsell Limited,Manufacturing,Manufacturing,BeLi
BECTORFOOD,Mrs. Bectors Food Specialities Limited,Food Processing,Food & Beverage,MrBeFoSpLi
BEDMUTHA,Bedmutha Industries Limited,Manufacturing,Manufacturing,BeInLi
BEL,Bharat Electronics Limited,Electronics,Technology,BhElLi
BEML,BEML Limited,Manufacturing,Manufacturing,BELi
BEPL,Bhansali Engineering Polymers Limited,Chemicals,Chemicals,BhEnPoLi
BERGEPAINT,Berger Paints (I) Limited,Manufacturing,Manufacturing,BePa_ILi
BFINVEST,BF Investment Limited,Investment Management,Financial Services,BFInLi
BFUTILITIE,BF Utilities Limited,Utilities,Energy,BFUtLi
BGLOBAL,Bharatiya Global Infomedia Limited,Media & Entertainment,Media,BhGlInLi
BGRENERGY,BGR Energy Systems Limited,Energy,Energy,BGEnSyLi
BHAGCHEM,Bhagiradha Chemicals & Industries Limited,Chemicals,Chemicals,BhCh_InLi
BHAGERIA,Bhageria Industries Limited,Manufacturing,Manufacturing,BhInLi
BHAGYANGR,Bhagyanagar India Limited,Manufacturing,Manufacturing,BhInLi
BHANDARI,Bhandari Hosiery Exports Limited,Textiles,Manufacturing,BhHoExLi
BHARATFORG,Bharat Forge Limited,Manufacturing,Manufacturing,BhFoLi
BHARATGEAR,Bharat Gears Limited,Manufacturing,Manufacturing,BhGeLi
BHARATRAS,Bharat Rasayan Limited,Chemicals,Chemicals,BhRaLi
BHARATWIRE,Bharat Wire Ropes Limited,Manufacturing,Manufacturing,BhWiRoLi
BHARTIARTL,Bharti Airtel Limited,Telecommunications,Telecommunications,BhAiLi
BHEL,Bharat Heavy Electricals Limited,Manufacturing,Engineering,BhHeElLi
BIGBLOC,Bigbloc Construction Limited,Construction,Infrastructure,BiCoLi
BIKAJI,Bikaji Foods International Limited,Food Processing,Food & Beverage,BiFoInLi
BIL,Bhartiya International Limited,Textiles,Manufacturing,BhInLi
BINANIIND,Binani Industries Limited,Manufacturing,Manufacturing,BiInLi
BIOCON,Biocon Limited,Pharmaceuticals,Healthcare,BiLi
BIOFILCHEM,Biofil Chemicals & Pharmaceuticals Limited,Pharmaceuticals,Healthcare,BiCh_PhLi
BIRLACABLE,Birla Cable Limited,Manufacturing,Manufacturing,BiCaLi
BIRLACORPN,Birla Corporation Limited,Manufacturing,Manufacturing,BiCoLi
BIRLAMONEY,Aditya Birla Money Limited,Financial Services,Financial Services,AdBiMoLi
BKMINDST,Bkm Industries Limited,Manufacturing,Manufacturing,BkInLi
BLAL,BEML Land Assets Limited,Manufacturing,Manufacturing,BELaAsLi
BLBLIMITED,BLB Limited,Manufacturing,Manufacturing,BLLi
BLISSGVS,Bliss GVS Pharma Limited,Pharmaceuticals,Healthcare,BlGVPhLi
BLKASHYAP,B. L. Kashyap and Sons Limited,Construction,Construction,B.L.KaanSoLi
BLS,BLS International Services Limited,Services,Services,BLInSeLi
BLSE,BLS E-Services Limited,Services,Services,BLE-Li
BLUECHIP,Blue Chip India Limited,Investment,Financial Services,BlChInLi
BLUECOAST,Blue Coast Hotels Limited,Hospitality,Hospitality,BlCoHoLi
BLUEDART,Blue Dart Express Limited,Logistics,Logistics,BlDaExLi
BLUEJET,Blue Jet Healthcare Limited,Healthcare,Healthcare,BlJeHeLi
BLUESTARCO,Blue Star Limited,Manufacturing,Manufacturing,BlStLi
BODALCHEM,Bodal Chemicals Limited,Chemicals,Chemicals,BoChLi
BOHRAIND,Bohra Industries Limited,Manufacturing,Manufacturing,BoInLi
BOMDYEING,Bombay Dyeing & Mfg Company Limited,Textiles,Manufacturing,BoDy_MfCoLi
BOROLTD,Borosil Limited,Manufacturing,Manufacturing,BoLi
BORORENEW,BOROSIL RENEWABLES LIMITED,Manufacturing,Manufacturing,BORELI
BOSCHLTD,Bosch Limited,Engineering,Engineering,BoLi
BPCL,Bharat Petroleum Corporation Limited,Energy,Energy,BhPeCoLi
BPL,BPL Limited,Electronics,Electronics,BPLi
BRIGADE,Brigade Enterprises Limited,Real Estate,Real Estate,BrEnLi
BRITANNIA,Britannia Industries Limited,Food Processing,Food & Beverage,BrInLi
BRNL,Bharat Road Network Limited,Infrastructure,Infrastructure,BhRoNeLi
BROOKS,Brooks Laboratories Limited,Pharmaceuticals,Healthcare,BrLaLi
BSE,BSE Limited,Financial Services,Financial Services,BSLi
BSHSL,Bombay Super Hybrid Seeds Limited,Agriculture,Agriculture,BoSuHySeLi
BSL,BSL Limited,Manufacturing,Manufacturing,BSLi
BSOFT,BIRLASOFT LIMITED,IT Services,Technology,BILI
BTML,Bodhi Tree Multimedia Limited,Media,Media,BoTrMuLi
BURNPUR,Burnpur Cement Limited,Manufacturing,Manufacturing,BuCeLi
BUTTERFLY,Butterfly Gandhimathi Appliances Limited,Consumer Appliances,Consumer Products,BuGaApLi
BVCL,Barak Valley Cements Limited,Manufacturing,Manufacturing,BaVaCeLi
BYKE,The Byke Hospitality Ltd,Hospitality,Hospitality,ThByHoLt
CALSOFT,California Software Company Limited,IT Services,Technology,CaSoCoLi
CAMLINFINE,Camlin Fine Sciences Limited,Chemicals,Chemicals,CaFiScLi
CAMPUS,Campus Activewear Limited,Apparel,Retail,CaAcLi
CAMS,Computer Age Management Services Limited,Financial Services,Financial Services,CoAgMaSeLi
CANBK,Canara Bank,Banking,Financial Services,CaBa
CANFINHOME,Can Fin Homes Limited,Financial Services,Financial Services,CaFiHoLi
CANTABIL,Cantabil Retail India Limited,Retail,Retail,CaReInLi
CAPACITE,Capacit'e Infraprojects Limited,Infrastructure,Infrastructure,CaInLi
CAPITALSFB,Capital Small Finance Bank Limited,Banking,Financial Services,CaSmFiBaLi
CAPLIPOINT,Caplin Point Laboratories Limited,Pharmaceuticals,Healthcare,CaPoLaLi
CAPTRUST,Capital Trust Limited,Financial Services,Financial Services,CaTrLi
CARBORUNIV,Carborundum Universal Limited,Manufacturing,Manufacturing,CaUnLi
CAREERP,Career Point Limited,Education,Education,CaPoLi
CARERATING,CARE Ratings Limited,Financial Services,Financial Services,CARaLi
CARTRADE,Cartrade Tech Limited,Technology,Technology,CaTeLi
CARYSIL,CARYSIL LIMITED,Consumer Products,Consumer Products,CALI
CASTROLIND,Castrol India Limited,Lubricants,Chemicals,CaInLi
CCHHL,Country Club Hospitality & Holidays Limited,Hospitality,Hospitality,CoClHo_HoLi
CCL,CCL Products (India) Limited,Food Processing,Food & Beverage,CCPr_ILi
CDSL,Central Depository Services (India) Limited,Financial Services,Financial Services,CeDeSe_ILi
CEATLTD,CEAT Limited,Manufacturing,Manufacturing,CELi
CELEBRITY,Celebrity Fashions Limited,Retail,Retail,CeFaLi
CELLO,Cello World Limited,Consumer Products,Consumer Products,CeWoLi
CENTENKA,Century Enka Limited,Manufacturing,Manufacturing,CeEnLi
CENTEXT,Century Extrusions Limited,Manufacturing,Manufacturing,CeExLi
CENTRALBK,Central Bank of India,Banking,Financial Services,CeBaofIn
CENTRUM,Centrum Capital Limited,Financial Services,Financial Services,CeCaLi
CENTUM,Centum Electronics Limited,Electronics,Technology,CeElLi
CENTURYPLY,Century Plyboards (India) Limited,Manufacturing,Manufacturing,CePl_ILi
CENTURYTEX,Century Textiles & Industries Limited,Textiles,Manufacturing,CeTe_InLi
CERA,Cera Sanitaryware Limited,Manufacturing,Manufacturing,CeSaLi
CEREBRAINT,Cerebra Integrated Technologies Limited,IT Services,Technology,CeInTeLi
CESC,CESC Limited,Utilities,Utilities,CELi
CGCL,Capri Global Capital Limited,Financial Services,Financial Services,CaGlCaLi
CGPOWER,CG Power and Industrial Solutions Limited,Manufacturing,Manufacturing,CGPoanInSoLi
CHALET,Chalet Hotels Limited,Hospitality,Hospitality,ChHoLi
CHAMBLFERT,Chambal Fertilizers & Chemicals Limited,Chemicals,Chemicals,ChFe_ChLi
CHEMBOND,Chembond Chemicals Ltd,Chemicals,Chemicals,ChChLt
CHEMCON,Chemcon Speciality Chemicals Limited,Chemicals,Chemicals,ChSpChLi
CHEMFAB,Chemfab Alkalis Limited,Chemicals,Chemicals,ChAlLi
CHEMPLASTS,Chemplast Sanmar Limited,Chemicals,Chemicals,ChSaLi
CHENNPETRO,Chennai Petroleum Corporation Limited,Energy,Energy,ChPeCoLi
CHEVIOT,Cheviot Company Limited,Manufacturing,Manufacturing,ChCoLi
CHOICEIN,Choice International Limited,Services,Services,ChInLi
CHOLAFIN,Cholamandalam Investment and Finance Company Limited,Financial Services,Financial Services,ChInanFiCoLi
CHOLAHLDNG,Cholamandalam Financial Holdings Limited,Financial Services,Financial Services,ChFiHoLi
CIEINDIA,CIE Automotive India Limited,Automotive,Automotive,CIAuInLi
CIGNITITEC,Cigniti Technologies Limited,IT Services,Technology,CiTeLi
CINELINE,Cineline India Limited,Media,Media,CiInLi
CINEVISTA,Cinevista Limited,Media,Media,CiLi
CIPLA,Cipla Limited,Pharmaceuticals,Healthcare,CiLi
CLEAN,Clean Science and Technology Limited,Specialty Chemicals,Chemicals,ClScanTeLi
CLEDUCATE,CL Educate Limited,Education Services,Services,CLEdLi
CLSEL,Chaman Lal Setia Exports Limited,Textiles,Manufacturing,ChLaSeExLi
CMICABLES,CMI Limited,Electrical Equipment,Manufacturing,CMLi
CMSINFO,CMS Info Systems Limited,IT Services,Technology,CMInSyLi
COALINDIA,Coal India Limited,Mining,Energy,CoInLi
COASTCORP,Coastal Corporation Limited,Fisheries,Agriculture,CoCoLi
COCHINSHIP,Cochin Shipyard Limited,Shipbuilding,Manufacturing,CoShLi
COFFEEDAY,Coffee Day Enterprises Limited,Beverages,Consumer Goods,CoDaEnLi
COFORGE,Coforge Limited,IT Services,Technology,CoLi
COLPAL,Colgate Palmolive (India) Limited,Personal Care,Consumer Goods,CoPa_ILi
COMPINFO,Compuage Infocom Limited,IT Services,Technology,CoInLi
COMPUSOFT,Compucom Software Limited,IT Services,Technology,CoSoLi
COMSYN,Commercial Syn Bags Limited,Packaging,Manufacturing,CoSyBaLi
CONCOR,Container Corporation of India Limited,Logistics,Transportation,CoCoofInLi
CONCORDBIO,Concord Biotech Limited,Biotechnology,Healthcare,CoBiLi
CONFIPET,Confidence Petroleum India Limited,Oil & Gas,Energy,CoPeInLi
CONSOFINVT,Consolidated Finvest & Holdings Limited,Financial Services,Finance,CoFi_HoLi
CONTROLPR,Control Print Limited,Printing,Manufacturing,CoPrLi
CORALFINAC,Coral India Finance & Housing Limited,Finance,Finance,CoInFi_HoLi
CORDSCABLE,Cords Cable Industries Limited,Electrical Equipment,Manufacturing,CoCaInLi
COROMANDEL,Coromandel International Limited,Fertilizers,Agriculture,CoInLi
COSMOFIRST,COSMO FIRST LIMITED,Specialty Chemicals,Chemicals,COFILI
COUNCODOS,Country Condo's Limited,Real Estate,Real Estate,CoCoLi
CRAFTSMAN,Craftsman Automation Limited,Engineering,Manufacturing,CrAuLi
CREATIVE,Creative Newtech Limited,IT Services,Technology,CrNeLi
CREATIVEYE,Creative Eye Limited,Media,Media,CrEyLi
CREDITACC,CREDITACCESS GRAMEEN LIMITED,Financial Services,Finance,CRGRLI
CREST,Crest Ventures Limited,Financial Services,Finance,CrVeLi
CRISIL,CRISIL Limited,Research & Ratings,Finance,CRLi
CROMPTON,Crompton Greaves Consumer Electricals Limited,Electrical Equipment,Manufacturing,CrGrCoElLi
CROWN,Crown Lifters Limited,Machinery,Manufacturing,CrLiLi
CSBBANK,CSB Bank Limited,Banking,Finance,CSBaLi
CSLFINANCE,CSL Finance Limited,Financial Services,Finance,CSFiLi
CTE,Cambridge Technology Enterprises Limited,IT Services,Technology,CaTeEnLi
CUB,City Union Bank Limited,Banking,Finance,CiUnBaLi
CUBEXTUB,Cubex Tubings Limited,Manufacturing,Manufacturing,CuTuLi
CUMMINSIND,Cummins India Limited,Engine Manufacturing,Manufacturing,CuInLi
CUPID,Cupid Limited,Manufacturing,Manufacturing,CuLi
CYBERMEDIA,Cyber Media (India) Limited,Media,Media,CyMe_ILi
CYBERTECH,Cybertech Systems And Software Limited,IT Services,Technology,CySyAnSoLi
CYIENT,Cyient Limited,IT Services,Technology,CyLi
CYIENTDLM,Cyient DLM Limited,IT Services,Technology,CyDLLi
DABUR,Dabur India Limited,Consumer Goods,Consumer Goods,DaInLi
DALBHARAT,Dalmia Bharat Limited,Cement,Manufacturing,DaBhLi
DALMIASUG,Dalmia Bharat Sugar and Industries Limited,Sugar Production,Agriculture,DaBhSuanInLi
DAMODARIND,Damodar Industries Limited,Manufacturing,Manufacturing,DaInLi
DANGEE,Dangee Dums Limited,Food Processing,Consumer Goods,DaDuLi
DATAMATICS,Datamatics Global Services Limited,IT Services,Technology,DaGlSeLi
DATAPATTNS,Data Patterns (India) Limited,IT Services,Technology,DaPa_ILi
DAVANGERE,Davangere Sugar Company Limited,Sugar Production,Agriculture,DaSuCoLi
DBCORP,D.B.Corp Limited,Media,Media,D.Li
DBL,Dilip Buildcon Limited,Construction,Construction,DiBuLi
DBOL,Dhampur Bio Organics Limited,Food Processing,Consumer Goods,DhBiOrLi
DBREALTY,D B Realty Limited,Real Estate,Real Estate,DBReLi
DBSTOCKBRO,DB (International) Stock Brokers Limited,Financial Services,Finance,DB_IStBrLi
DCAL,Dishman Carbogen Amcis Limited,Pharmaceuticals,Healthcare,DiCaAmLi
DCBBANK,DCB Bank Limited,Banking,Finance,DCBaLi
DCI,DC Infotech And Communication Limited,IT Services,Technology,DCInAnCoLi
DCM,DCM Limited,Conglomerate,Diversified,DCLi
DCMFINSERV,DCM Financial Services Limited,Financial Services,Finance,DCFiSeLi
DCMNVL,DCM Nouvelle Limited,Conglomerate,Diversified,DCNoLi
DCMSHRIRAM,DCM Shriram Limited,Conglomerate,Diversified,DCShLi
DCMSRIND,DCM Shriram Industries Limited,Manufacturing,Manufacturing,DCShInLi
DCW,DCW Limited,Chemicals,Chemicals,DCLi
DCXINDIA,DCX Systems Limited,IT Services,Technology,DCSyLi
DECCANCE,Deccan Cements Limited,Cement,Manufacturing,DeCeLi
DEEPAKFERT,Deepak Fertilizers and Petrochemicals Corporation Limited,Chemicals,Chemicals,DeFeanPeCoLi
DEEPAKNTR,Deepak Nitrite Limited,Chemicals,Chemicals,DeNiLi
DEEPENR,DEEP ENERGY RESOURCES LIMITED,Energy,Energy,DEENRELI
DEEPINDS,Deep Industries Limited,Manufacturing,Manufacturing,DeInLi
DELHIVERY,Delhivery Limited,Logistics,Transportation,DeLi
DELPHIFX,DELPHI WORLD MONEY LIMITED,Financial Services,Finance,DEWOMOLI
DELTACORP,Delta Corp Limited,Entertainment,Services,DeCoLi
DELTAMAGNT,Delta Manufacturing Limited,Manufacturing,Manufacturing,DeMaLi
DEN,Den Networks Limited,Telecommunications,Technology,DeNeLi
DENORA,De Nora India Limited,Water Treatment,Chemicals,DeNoInLi
DEVIT,Dev Information Technology Limited,IT Services,Technology,DeInTeLi
DEVYANI,Devyani International Limited,Food Services,Consumer Goods,DeInLi
DGCONTENT,Digicontent Limited,Media,Media,DiLi
DHAMPURSUG,Dhampur Sugar Mills Limited,Sugar Production,Agriculture,DhSuMiLi
DHANBANK,Dhanlaxmi Bank Limited,Banking,Finance,DhBaLi
DHANI,Dhani Services Limited,Financial Services,Finance,DhSeLi
DHANUKA,Dhanuka Agritech Limited,Agriculture,Agriculture,DhAgLi
DHARMAJ,Dharmaj Crop Guard Limited,Agriculture,Agriculture,DhCrGuLi
DHRUV,Dhruv Consultancy Services Limited,Consulting,Services,DhCoSeLi
DHUNINV,Dhunseri Investments Limited,Financial Services,Finance,DhInLi
DIACABS,Diamond Power Infrastructure Limited,Infrastructure,Engineering,DiPoInLi
DIAMINESQ,Diamines & Chemicals Limited,Chemicals,Chemicals,Di_ChLi
DIAMONDYD,Prataap Snacks Limited,Food Processing,Consumer Goods,PrSnLi
DICIND,DIC India Limited,Chemicals,Chemicals,DIInLi
DIGIDRIVE,Digidrive Distributors Limited,IT Services,Technology,DiDiLi
DIGISPICE,DiGiSPICE Technologies Limited,IT Services,Technology,DiTeLi
DIGJAMLMTD,Digjam Limited,Textiles,Manufacturing,DiLi
DIL,Debock Industries Limited,Manufacturing,Manufacturing,DeInLi
DISHTV,Dish TV India Limited,Media,Media,DiTVInLi
DIVGIITTS,Divgi Torqtransfer Systems Limited,Engineering,Manufacturing,DiToSyLi
DIVISLAB,Divi's Laboratories Limited,Pharmaceuticals,Healthcare,DiLaLi
DIXON,Dixon Technologies (India) Limited,Electronics,Manufacturing,DiTe_ILi
DJML,DJ Mediaprint & Logistics Limited,Media,Media,DJMe_LoLi
DLF,DLF Limited,Real Estate,Real Estate,DLLi
DLINKINDIA,D-Link (India) Limited,Electronics,Manufacturing,D-_ILi
DMART,Avenue Supermarts Limited,Retail,Consumer Goods,AvSuLi
DMCC,DMCC SPECIALITY CHEMICALS LIMITED,Chemicals,Chemicals,DMSPCHLI
DNAMEDIA,Diligent Media Corporation Limited,Media,Media,DiMeCoLi
DODLA,Dodla Dairy Limited,Dairy,Agriculture,DoDaLi
DOLATALGO,Dolat Algotech Limited,Financial Services,Finance,DoAlLi
DOLLAR,Dollar Industries Limited,Apparel,Consumer Goods,DoInLi
DOLPHIN,Dolphin Offshore Enterprises (India) Limited,Offshore Services,Services,DoOfEn_ILi
DOMS,DOMS Industries Limited,Stationery,Consumer Goods,DOInLi
DONEAR,Donear Industries Limited,Textiles,Manufacturing,DoInLi
DPABHUSHAN,D. P. Abhushan Limited,Jewelry,Consumer Goods,D.P.AbLi
DPSCLTD,DPSC Limited,Energy,Energy,DPLi
DPWIRES,D P Wires Limited,Manufacturing,Manufacturing,DPWiLi
DRCSYSTEMS,DRC Systems India Limited,IT Services,Technology,DRSyInLi
DREAMFOLKS,Dreamfolks Services Limited,Hospitality,Services,DrSeLi
DREDGECORP,Dredging Corporation of India Limited,Dredging,Infrastructure,DrCoofInLi
DRREDDY,Dr. Reddy's Laboratories Limited,Pharmaceuticals,Healthcare,DrReLaLi
DSSL,Dynacons Systems & Solutions Limited,IT Services,Technology,DySy_SoLi
DTIL,Dhunseri Tea & Industries Limited,Tea Production,Agriculture,DhTe_InLi
DUCON,Ducon Infratechnologies Limited,Infrastructure,Engineering,DuInLi
DVL,Dhunseri Ventures Limited,Investment,Finance,DhVeLi
DWARKESH,Dwarikesh Sugar Industries Limited,Sugar Production,Agriculture,DwSuInLi
DYCL,Dynamic Cables Limited,Electrical Equipment,Manufacturing,DyCaLi
DYNAMATECH,Dynamatic Technologies Limited,Engineering,Manufacturing,DyTeLi
DYNPRO,Dynemic Products Limited,Chemicals,Chemicals,DyPrLi
E2E,E2E Networks Limited,IT Services,Technology,E2NeLi
EASEMYTRIP,Easy Trip Planners Limited,Travel,Services,EaTrPlLi
ECLERX,eClerx Services Limited,IT Services,Technology,eCSeLi
EDELWEISS,Edelweiss Financial Services Limited,Financial Services,Finance,EdFiSeLi
EDUCOMP,Educomp Solutions Limited,Education Services,Services,EdSoLi
EICHERMOT,Eicher Motors Limited,Automotive,Manufacturing,EiMoLi
EIDPARRY,EID Parry India Limited,Sugar Production,Agriculture,EIPaInLi
EIFFL,Euro India Fresh Foods Limited,Food Processing,Consumer Goods,EuInFrFoLi
EIHAHOTELS,EIH Associated Hotels Limited,Hospitality,Services,EIAsHoLi
EIHOTEL,EIH Limited,Hospitality,Services,EILi
EIMCOELECO,Eimco Elecon (India) Limited,Engineering,Manufacturing,EiEl_ILi
EKC,Everest Kanto Cylinder Limited,Engineering,Manufacturing,EvKaCyLi
ELDEHSG,Eldeco Housing And Industries Limited,Real Estate,Real Estate,ElHoAnInLi
ELECON,Elecon Engineering Company Limited,Engineering,Manufacturing,ElEnCoLi
ELECTCAST,Electrosteel Castings Limited,Manufacturing,Manufacturing,ElCaLi
ELECTHERM,Electrotherm (India) Limited,Manufacturing,Manufacturing,El_ILi
ELGIEQUIP,Elgi Equipments Limited,Engineering,Manufacturing,ElEqLi
ELGIRUBCO,Elgi Rubber Company Limited,Manufacturing,Manufacturing,ElRuCoLi
ELIN,Elin Electronics Limited,Electronics,Manufacturing,ElElLi
EMAMILTD,Emami Limited,Consumer Goods,Consumer Goods,EmLi
EMAMIPAP,Emami Paper Mills Limited,Paper,Manufacturing,EmPaMiLi
EMAMIREAL,Emami Realty Limited,Real Estate,Real Estate,EmReLi
EMIL,Electronics Mart India Limited,Retail,Consumer Goods,ElMaInLi
EMKAY,Emkay Global Financial Services Limited,Financial Services,Finance,EmGlFiSeLi
EMMBI,Emmbi Industries Limited,Manufacturing,Industrial,EmInLi
EMLIMITED,EMS Limited,Manufacturing,Industrial,EMLi
EMUDHRA,eMudhra Limited,Technology,IT Services,eMLi
ENDURANCE,Endurance Technologies Limited,Automotive,Manufacturing,EnTeLi
ENERGYDEV,Energy Development Company Limited,Energy,Utilities,EnDeCoLi
ENGINERSIN,Engineers India Limited,Engineering,Professional Services,EnInLi
ENIL,Entertainment Network (India) Limited,Media,Entertainment,EnNe_ILi
ENTERO,Entero Healthcare Solutions Limited,Healthcare,Pharmaceuticals,EnHeSoLi
EPACK,EPACK Durable Limited,Manufacturing,Industrial,EPDuLi
EPIGRAL,Epigral Limited,Biotechnology,Pharmaceuticals,EpLi
EPL,EPL Limited,Manufacturing,Industrial,EPLi
EQUIPPP,Equippp Social Impact Technologies Limited,Technology,IT Services,EqSoImTeLi
EQUITASBNK,Equitas Small Finance Bank Limited,Financial Services,Finance,EqSmFiBaLi
ERIS,Eris Lifesciences Limited,Healthcare,Pharmaceuticals,ErLiLi
EROSMEDIA,Eros International Media Limited,Media,Entertainment,ErInMeLi
ESABINDIA,Esab India Limited,Manufacturing,Industrial,EsInLi
ESAFSFB,ESAF Small Finance Bank Limited,Financial Services,Finance,ESSmFiBaLi
ESCORTS,Escorts Kubota Limited,Manufacturing,Automotive,EsKuLi
ESSARSHPNG,Essar Shipping Limited,Transportation,Logistics,EsShLi
ESSENTIA,Integra Essentia Limited,Manufacturing,Industrial,InEsLi
ESTER,Ester Industries Limited,Manufacturing,Industrial,EsInLi
ETHOSLTD,Ethos Limited,Retail,Consumer Goods,EtLi
EUROTEXIND,Eurotex Industries and Exports Limited,Manufacturing,Textiles,EuInanExLi
EVERREADY,Eveready Industries India Limited,Manufacturing,Consumer Goods,EvInInLi
EVERESTIND,Everest Industries Limited,Manufacturing,Construction,EvInLi
EXCEL,Excel Realty N Infra Limited,Real Estate,Real Estate,ExReNInLi
EXCELINDUS,Excel Industries Limited,Manufacturing,Chemicals,ExInLi
EXICOM,Exicom Tele-Systems Limited,Telecommunications,Technology,ExTeLi
EXIDEIND,Exide Industries Limited,Manufacturing,Automotive,ExInLi
EXPLEOSOL,Expleo Solutions Limited,IT Services,Technology,ExSoLi
EXXARO,Exxaro Tiles Limited,Manufacturing,Building Materials,ExTiLi
FACT,Fertilizers and Chemicals Travancore Limited,Agriculture,Chemicals,FeanChTrLi
FAIRCHEMOR,Fairchem Organics Limited,Manufacturing,Chemicals,FaOrLi
FAZE3Q,Faze Three Limited,Manufacturing,Textiles,FaThLi
FCL,Fineotex Chemical Limited,Manufacturing,Chemicals,FiChLi
FCONSUMER,Future Consumer Limited,Retail,Consumer Goods,FuCoLi
FCSSOFT,FCS Software Solutions Limited,IT Services,Technology,FCSoSoLi
FDC,FDC Limited,Pharmaceuticals,Healthcare,FDLi
FEDERALBNK,The Federal Bank Limited,Financial Services,Finance,ThFeBaLi
FEDFINA,Fedbank Financial Services Limited,Financial Services,Finance,FeFiSeLi
FEL,Future Enterprises Limited,Conglomerate,Various,FuEnLi
FELDVR,Future Enterprises Limited,Conglomerate,Various,FuEnLi
FIBERWEB,Fiberweb (India) Limited,Manufacturing,Textiles,Fi_ILi
FIEMIND,Fiem Industries Limited,Manufacturing,Automotive,FiInLi
FILATEX,Filatex India Limited,Manufacturing,Textiles,FiInLi
FINCABLES,Finolex Cables Limited,Manufacturing,Electrical,FiCaLi
FINEORG,Fine Organic Industries Limited,Manufacturing,Chemicals,FiOrInLi
FINOPB,Fino Payments Bank Limited,Financial Services,Finance,FiPaBaLi
FINPIPE,Finolex Industries Limited,Manufacturing,Chemicals,FiInLi
FIVESTAR,Five-Star Business Finance Limited,Financial Services,Finance,FiBuFiLi
FLAIR,Flair Writing Industries Limited,Manufacturing,Consumer Goods,FlWrInLi
FLEXITUFF,Flexituff Ventures International Limited,Manufacturing,Materials,FlVeInLi
FLFL,Future Lifestyle Fashions Limited,Retail,Consumer Goods,FuLiFaLi
FLUOROCHEM,Gujarat Fluorochemicals Limited,Chemicals,Materials,GuFlLi
FMGOETZE,Federal-Mogul Goetze (India) Limited,Manufacturing,Automotive,FeGo_ILi
FMNL,Future Market Networks Limited,Real Estate,Financial Services,FuMaNeLi
FOCUS,Focus Lighting and Fixtures Limited,Manufacturing,Consumer Goods,FoLianFiLi
FOODSIN,Foods & Inns Limited,Food Processing,Consumer Goods,Fo_InLi
FORCEMOT,FORCE MOTORS LTD,Automotive,Automotive,FOMOLT
FORTIS,Fortis Healthcare Limited,Healthcare,Health Services,FoHeLi
FOSECOIND,Foseco India Limited,Manufacturing,Materials,FoInLi
FRETAIL,Future Retail Limited,Retail,Consumer Goods,FuReLi
FSC,Future Supply Chain Solutions Limited,Logistics,Services,FuSuChSoLi
FSL,Firstsource Solutions Limited,IT Services,Technology,FiSoLi
FUSION,Fusion Micro Finance Limited,Financial Services,Finance,FuMiFiLi
GABRIEL,Gabriel India Limited,Manufacturing,Automotive,GaInLi
GAEL,Gujarat Ambuja Exports Limited,Agriculture,Consumer Goods,GuAmExLi
GAIL,GAIL (India) Limited,Natural Gas,Energy,GA_ILi
GALAXYSURF,Galaxy Surfactants Limited,Manufacturing,Chemicals,GaSuLi
GALLANTT,Gallantt Ispat Limited,Manufacturing,Materials,GaIsLi
GANDHAR,Gandhar Oil Refinery (India) Limited,Oil & Gas,Energy,GaOiRe_ILi
GANDHITUBE,Gandhi Special Tubes Limited,Manufacturing,Materials,GaSpTuLi
GANECOS,Ganesha Ecosphere Limited,Recycling,Materials,GaEcLi
GANESHBE,Ganesh Benzoplast Limited,Manufacturing,Chemicals,GaBeLi
GANESHHOUC,Ganesh Housing Corporation Limited,Real Estate,Financial Services,GaHoCoLi
GANGAFORGE,Ganga Forging Limited,Manufacturing,Materials,GaFoLi
GANGESSECU,Ganges Securities Limited,Financial Services,Finance,GaSeLi
GANGOTRI,Gangotri Textiles Limited,Textiles,Consumer Goods,GaTeLi
GARFIBRES,Garware Technical Fibres Limited,Manufacturing,Materials,GaTeFiLi
GATECH,GACM Technologies Limited,IT Services,Technology,GATeLi
GATECHDVR,GACM Technologies Limited,IT Services,Technology,GATeLi
GATEWAY,Gateway Distriparks Limited,Logistics,Services,GaDiLi
GAYAHWS,Gayatri Highways Limited,Infrastructure,Construction,GaHiLi
GAYAPROJ,Gayatri Projects Limited,Infrastructure,Construction,GaPrLi
GEECEE,GeeCee Ventures Limited,Manufacturing,Consumer Goods,GeVeLi
GEEKAYWIRE,Geekay Wires Limited,Manufacturing,Materials,GeWiLi
GENCON,Generic Engineering Construction and Projects Limited,Construction,Infrastructure,GeEnCoanPrLi
GENESYS,Genesys International Corporation Limited,IT Services,Technology,GeInCoLi
GENSOL,Gensol Engineering Limited,Engineering,Services,GeEnLi
GENUSPAPER,Genus Paper & Boards Limited,Manufacturing,Materials,GePa_BoLi
GENUSPOWER,Genus Power Infrastructures Limited,Energy,Energy,GePoInLi
GEOJITFSL,Geojit Financial Services Limited,Financial Services,Finance,GeFiSeLi
GEPIL,GE Power India Limited,Manufacturing,Energy,GEPoInLi
GESHIP,The Great Eastern Shipping Company Limited,Shipping,Transportation,ThGrEaShCoLi
GET&D,GE T&D India Limited,Manufacturing,Energy,GET_InLi
GFLLIMITED,GFL Limited,Chemicals,Materials,GFLi
GFSTEELS,Grand Foundry Limited,Manufacturing,Materials,GrFoLi
GHCL,GHCL Limited,Manufacturing,Chemicals,GHLi
GHCLTEXTIL,GHCL Textiles Limited,Textiles,Consumer Goods,GHTeLi
GICHSGFIN,GIC Housing Finance Limited,Financial Services,Finance,GIHoFiLi
GICRE,General Insurance Corporation of India,Financial Services,Insurance,GeInCoofIn
GILLANDERS,Gillanders Arbuthnot & Company Limited,Services,Diversified,GiAr_CoLi
GILLETTE,Gillette India Limited,Consumer Goods,Personal Care,GiInLi
GINNIFILA,Ginni Filaments Limited,Consumer Goods,Textiles,GiFiLi
GIPCL,Gujarat Industries Power Company Limited,Utilities,Power Generation,GuInPoCoLi
GKWLIMITED,GKW Limited,Manufacturing,Engineering,GKLi
GLAND,Gland Pharma Limited,Healthcare,Pharmaceuticals,GlPhLi
GLAXO,GlaxoSmithKline Pharmaceuticals Limited,Healthcare,Pharmaceuticals,GlPhLi
GLENMARK,Glenmark Pharmaceuticals Limited,Healthcare,Pharmaceuticals,GlPhLi
GLFL,Gujarat Lease Financing Limited,Financial Services,Finance,GuLeFiLi
GLOBAL,Global Education Limited,Education,Education Services,GlEdLi
GLOBALVECT,Global Vectra Helicorp Limited,Transportation,Aviation,GlVeHeLi
GLOBE,Globe Textiles (India) Limited,Consumer Goods,Textiles,GlTe_ILi
GLOBUSSPR,Globus Spirits Limited,Consumer Goods,Beverages,GlSpLi
GLS,Glenmark Life Sciences Limited,Healthcare,Pharmaceuticals,GlLiScLi
GMBREW,GM Breweries Limited,Consumer Goods,Beverages,GMBrLi
GMDCLTD,Gujarat Mineral Development Corporation Limited,Mining,Minerals,GuMiDeCoLi
GMMPFAUDLR,GMM Pfaudler Limited,Manufacturing,Industrial Equipment,GMPfLi
GMRINFRA,GMR Airports Infrastructure Limited,Infrastructure,Infrastructure,GMAiInLi
GMRP&UI,GMR Power and Urban Infra Limited,Infrastructure,Power Generation,GMPoanUrInLi
GNA,GNA Axles Limited,Manufacturing,Auto Components,GNAxLi
GNFC,Gujarat Narmada Valley Fertilizers and Chemicals Limited,Chemicals,Fertilizers,GuNaVaFeanChLi
GOACARBON,Goa Carbon Limited,Materials,Chemicals,GoCaLi
GOCLCORP,GOCL Corporation Limited,Chemicals,Chemicals,GOCoLi
GOCOLORS,Go Fashion (India) Limited,Retail,Apparel,GoFa_ILi
GODFRYPHLP,Godfrey Phillips India Limited,Consumer Goods,Tobacco,GoPhInLi
GODHA,Godha Cabcon & Insulation Limited,Manufacturing,Electricals,GoCa_InLi
GODREJAGRO,Godrej Agrovet Limited,Consumer Goods,Agriculture,GoAgLi
GODREJCP,Godrej Consumer Products Limited,Consumer Goods,Household Products,GoCoPrLi
GODREJIND,Godrej Industries Limited,Diversified,Conglomerate,GoInLi
GODREJPROP,Godrej Properties Limited,Real Estate,Real Estate Development,GoPrLi
GOENKA,Goenka Diamond and Jewels Limited,Retail,Jewelry,GoDianJeLi
GOKEX,Gokaldas Exports Limited,Manufacturing,Textiles,GoExLi
GOKUL,Gokul Refoils and Solvent Limited,Manufacturing,Edible Oils,GoReanSoLi
GOKULAGRO,Gokul Agro Resources Limited,Agriculture,Agriculture,GoAgReLi
GOLDENTOBC,Golden Tobacco Limited,Consumer Goods,Tobacco,GoToLi
GOLDIAM,Goldiam International Limited,Manufacturing,Jewelry,GoInLi
GOLDTECH,AION-TECH SOLUTIONS LIMITED,Technology,Software,AISOLI
GOODLUCK,Goodluck India Limited,Consumer Goods,Textiles,GoInLi
GOPAL,Gopal Snacks Limited,Consumer Goods,Food Products,GoSnLi
GOYALALUM,Goyal Aluminiums Limited,Manufacturing,Metals,GoAlLi
GPIL,Godawari Power And Ispat Limited,Utilities,Power Generation,GoPoAnIsLi
GPPL,Gujarat Pipavav Port Limited,Transportation,Ports,GuPiPoLi
GPTHEALTH,GPT Healthcare Limited,Healthcare,Healthcare Services,GPHeLi
GPTINFRA,GPT Infraprojects Limited,Infrastructure,Infrastructure,GPInLi
GRANULES,Granules India Limited,Healthcare,Pharmaceuticals,GrInLi
GRAPHITE,Graphite India Limited,Manufacturing,Industrial,GrInLi
GRASIM,Grasim Industries Limited,Manufacturing,Cement,GrInLi
GRAVITA,Gravita India Limited,Manufacturing,Recycling,GrInLi
GREAVESCOT,Greaves Cotton Limited,Manufacturing,Engineering,GrCoLi
GREENLAM,Greenlam Industries Limited,Manufacturing,Wood Products,GrInLi
GREENPANEL,Greenpanel Industries Limited,Manufacturing,Building Materials,GrInLi
GREENPLY,Greenply Industries Limited,Manufacturing,Wood Products,GrInLi
GREENPOWER,Orient Green Power Company Limited,Energy,Renewable Energy,OrGrPoCoLi
GRINDWELL,Grindwell Norton Limited,Manufacturing,Industrial Products,GrNoLi
GRINFRA,G R Infraprojects Limited,Construction,Infrastructure,GRInLi
GRMOVER,GRM Overseas Limited,Manufacturing,Textiles,GROvLi
GROBTEA,The Grob Tea Company Limited,Manufacturing,Food & Beverage,ThGrTeCoLi
GRPLTD,GRP Limited,Manufacturing,Plastics,GRLi
GRSE,Garden Reach Shipbuilders & Engineers Limited,Manufacturing,Shipbuilding,GaReSh_EnLi
GRWRHITECH,Garware Hi-Tech Films Limited,Manufacturing,Plastics,GaHiFiLi
GSFC,Gujarat State Fertilizers & Chemicals Limited,Chemicals,Fertilizers,GuStFe_ChLi
GSLSU,Global Surfaces Limited,Manufacturing,Surfaces,GlSuLi
GSPL,Gujarat State Petronet Limited,Energy,Gas Supply,GuStPeLi
GSS,GSS Infotech Limited,IT Services,Technology,GSInLi
GTECJAINX,G-TEC JAINX EDUCATION LIMITED,Education,Education,G-JAEDLI
GTL,GTL Limited,Telecommunications,Telecom Services,GTLi
GTLINFRA,GTL Infrastructure Limited,Telecommunications,Telecom Infrastructure,GTInLi
GTPL,GTPL Hathway Limited,Telecommunications,Cable Services,GTHaLi
GUFICBIO,Gufic Biosciences Limited,Healthcare,Pharmaceuticals,GuBiLi
GUJALKALI,Gujarat Alkalies and Chemicals Limited,Chemicals,Chemical Manufacturing,GuAlanChLi
GUJAPOLLO,Gujarat Apollo Industries Limited,Manufacturing,Construction Machinery,GuApInLi
GUJGASLTD,Gujarat Gas Limited,Energy,Gas Distribution,GuGaLi
GUJRAFFIA,Gujarat Raffia Industries Limited,Manufacturing,Plastics,GuRaInLi
GULFOILLUB,Gulf Oil Lubricants India Limited,Manufacturing,Lubricants,GuOiLuInLi
GULFPETRO,GP Petroleums Limited,Energy,Oil & Gas,GPPeLi
GULPOLY,Gulshan Polyols Limited,Manufacturing,Chemicals,GuPoLi
GVKPIL,GVK Power & Infrastructure Limited,Energy,Power Generation,GVPo_InLi
GVPTECH,GVP Infotech Limited,IT Services,Technology,GVInLi
HAL,Hindustan Aeronautics Limited,Aerospace,Aviation,HiAeLi
HAPPSTMNDS,Happiest Minds Technologies Limited,IT Services,Technology,HaMiTeLi
HAPPYFORGE,Happy Forgings Limited,Manufacturing,Engineering,HaFoLi
HARDWYN,Hardwyn India Limited,Manufacturing,Hardware,HaInLi
HARIOMPIPE,Hariom Pipe Industries Limited,Manufacturing,Pipes & Tubes,HaPiInLi
HARRMALAYA,Harrisons Malayalam Limited,Agriculture,Tea,HaMaLi
HARSHA,Harsha Engineers International Limited,Manufacturing,Engineering,HaEnInLi
HATHWAY,Hathway Cable & Datacom Limited,Telecommunications,Cable Services,HaCa_DaLi
HATSUN,Hatsun Agro Product Limited,Food & Beverage,Dairy,HaAgPrLi
HAVELLS,Havells India Limited,Manufacturing,Electrical Equipment,HaInLi
HAVISHA,Sri Havisha Hospitality and Infrastructure Limited,Hospitality,Hospitality,SrHaHoanInLi
HBLPOWER,HBL Power Systems Limited,Manufacturing,Electrical Equipment,HBPoSyLi
HBSL,HB Stockholdings Limited,Financial Services,Investment,HBStLi
HCC,Hindustan Construction Company Limited,Construction,Infrastructure,HiCoCoLi
HCC-RE,Hindustan Construction-RE,Construction,Real Estate,HiCo
HCG,Healthcare Global Enterprises Limited,Healthcare,Healthcare Services,HeGlEnLi
HCL-INSYS,HCL Infosystems Limited,IT Services,Technology,HCInLi
HCLTECH,HCL Technologies Limited,IT Services,Technology,HCTeLi
HDFCAMC,HDFC Asset Management Company Limited,Financial Services,Asset Management,HDAsMaCoLi
HDFCBANK,HDFC Bank Limited,Financial Services,Banking,HDBaLi
HDFCLIFE,HDFC Life Insurance Company Limited,Financial Services,Insurance,HDLiInCoLi
HDIL,Housing Development and Infrastructure Limited,Real Estate,Construction,HoDeanInLi
HEADSUP,Heads UP Ventures Limited,Investment,Venture Capital,HeUPVeLi
HECPROJECT,HEC Infra Projects Limited,Construction,Infrastructure,HEInPrLi
HEG,HEG Limited,Manufacturing,Electrical Equipment,HELi
HEIDELBERG,HeidelbergCement India Limited,Manufacturing,Building Materials,HeInLi
HEMIPROP,Hemisphere Properties India Limited,Real Estate,Property Management,HePrInLi
HERANBA,Heranba Industries Limited,Agriculture,Agrochemicals,HeInLi
HERCULES,Hercules Hoists Limited,Manufacturing,Industrial Equipment,HeHoLi
HERITGFOOD,Heritage Foods Limited,Food & Beverage,Food Processing,HeFoLi
HEROMOTOCO,Hero MotoCorp Limited,Manufacturing,Automotive,HeMoLi
HESTERBIO,Hester Biosciences Limited,Healthcare,Biotechnology,HeBiLi
HEUBACHIND,Heubach Colorants India Limited,Chemicals,Paints & Coatings,HeCoInLi
HEXATRADEX,Hexa Tradex Limited,Manufacturing,Trading,HeTrLi
HFCL,HFCL Limited,Telecommunications,Telecom Equipment,HFLi
HGINFRA,H.G. Infra Engineering Limited,Construction,Infrastructure,H.InEnLi
HGS,Hinduja Global Solutions Limited,IT Services,Technology,HiGlSoLi
HIKAL,Hikal Limited,Chemicals,Pharmaceuticals,HiLi
HIL,HIL Limited,Manufacturing,Building Materials,HILi
HILTON,Hilton Metal Forging Limited,Manufacturing,Metal Forgings,HiMeFoLi
HIMATSEIDE,Himatsingka Seide Limited,Manufacturing,Textiles,HiSeLi
HINDALCO,Hindalco Industries Limited,Manufacturing,Metals,HiInLi
HINDCOMPOS,Hindustan Composites Limited,Manufacturing,Composites,HiCoLi
HINDCON,Hindcon Chemicals Limited,Chemicals,Chemicals,HiChLi
HINDCOPPER,Hindustan Copper Limited,Mining,Metals,HiCoLi
HINDMOTORS,Hindustan Motors Limited,Automotive,Manufacturing,HiMoLi
HINDNATGLS,Hindusthan National Glass & Industries Limited,Manufacturing,Glass,HiNaGl_InLi
HINDOILEXP,Hindustan Oil Exploration Company Limited,Energy,Oil & Gas,HiOiExCoLi
HINDPETRO,Hindustan Petroleum Corporation Limited,Energy,Oil & Gas,HiPeCoLi
HINDUNILVR,Hindustan Unilever Limited,Consumer Goods,FMCG,HiUnLi
HINDWAREAP,Hindware Home Innovation Limited,Manufacturing,Building Materials,HiHoInLi
HINDZINC,Hindustan Zinc Limited,Mining,Metals,HiZiLi
HIRECT,Hind Rectifiers Limited,Manufacturing,Electrical Equipment,HiReLi
HISARMETAL,Hisar Metal Industries Limited,Manufacturing,Metal,HiMeInLi
HITECH,Hi-Tech Pipes Limited,Manufacturing,Pipes & Tubes,HiPiLi
HITECHCORP,Hitech Corporation Limited,IT Services,Technology,HiCoLi
HITECHGEAR,The Hi-Tech Gears Limited,Manufacturing,Gears,ThHiGeLi
HLEGLAS,HLE Glascoat Limited,Manufacturing,Coatings,HLGlLi
HLVLTD,HLV LIMITED,Manufacturing,Electrical Equipment,HLLI
HMAAGRO,HMA Agro Industries Limited,Agriculture,Agrochemicals,HMAgInLi
HMT,HMT Limited,Manufacturing,Machinery,HMLi
HMVL,Hindustan Media Ventures Limited,Media,Media,HiMeVeLi
HNDFDS,Hindustan Foods Limited,Food & Beverage,Food Processing,HiFoLi
HOMEFIRST,Home First Finance Company India Limited,Financial Services,Housing Finance,HoFiFiCoInLi
HONASA,Honasa Consumer Limited,Consumer Goods,FMCG,HoCoLi
HONAUT,Honeywell Automation India Limited,Manufacturing,Automation,HoAuInLi
HONDAPOWER,Honda India Power Products Limited,Manufacturing,Automotive,HoInPoPrLi
HOVS,HOV Services Limited,IT Services,Outsourcing,HOSeLi
HPAL,HP Adhesives Limited,Manufacturing,Chemicals,HPAdLi
HPIL,Hindprakash Industries Limited,Manufacturing,Plastics,HiInLi
HPL,HPL Electric & Power Limited,Manufacturing,Electrical Equipment,HPEl_PoLi
HSCL,Himadri Speciality Chemical Limited,Chemicals,Specialty Chemicals,HiSpChLi
HTMEDIA,HT Media Limited,Media,Broadcasting & Cable,HTMeLi
HUBTOWN,Hubtown Limited,Real Estate,Real Estate Development,HuLi
HUDCO,Housing & Urban Development Corporation Limited,Finance,Housing,Ho_UrDeCoLi
HUHTAMAKI,Huhtamaki India Limited,Manufacturing,Packaging,HuInLi
HYBRIDFIN,Hybrid Financial Services Limited,Financial,Investment Banking,HyFiSeLi
IBREALEST,Indiabulls Real Estate Limited,Real Estate,Real Estate Development,InReEsLi
IBULHSGFIN,Indiabulls Housing Finance Limited,Financial,Housing Finance,InHoFiLi
ICDSLTD,ICDS Limited,Manufacturing,Electronics,ICLi
ICEMAKE,Ice Make Refrigeration Limited,Manufacturing,Refrigeration,IcMaReLi
ICICIBANK,ICICI Bank Limited,Financial,Banking,ICBaLi
ICICIGI,ICICI Lombard General Insurance Company Limited,Financial,Insurance,ICLoGeInCoLi
ICICIPRULI,ICICI Prudential Life Insurance Company Limited,Financial,Life Insurance,ICPrLiInCoLi
ICIL,Indo Count Industries Limited,Manufacturing,Textiles,InCoInLi
ICRA,ICRA Limited,Financial,Credit Ratings,ICLi
IDBI,IDBI Bank Limited,Financial,Banking,IDBaLi
IDEA,Vodafone Idea Limited,Telecommunications,Telecom,VoIdLi
IDEAFORGE,Ideaforge Technology Limited,Technology,Drones,IdTeLi
IDFC,IDFC Limited,Financial,Banking,IDLi
IDFCFIRSTB,IDFC First Bank Limited,Financial,Banking,IDFiBaLi
IEL,Indiabulls Enterprises Limited,Financial,Diversified Financial Services,InEnLi
IEX,Indian Energy Exchange Limited,Utilities,Energy,InEnExLi
IFBAGRO,IFB Agro Industries Limited,Food,Food Processing,IFAgInLi
IFBIND,IFB Industries Limited,Manufacturing,Consumer Appliances,IFInLi
IFCI,IFCI Limited,Financial,Development Bank,IFLi
IFGLEXPOR,IFGL Refractories Limited,Manufacturing,Refractories,IFReLi
IGARASHI,Igarashi Motors India Limited,Manufacturing,Automotive Parts,IgMoInLi
IGL,Indraprastha Gas Limited,Utilities,Gas Distribution,InGaLi
IGPL,IG Petrochemicals Limited,Chemicals,Petrochemicals,IGPeLi
IIFL,IIFL Finance Limited,Financial,Non-Banking Financial Company,IIFiLi
IIFLSEC,IIFL Securities Limited,Financial,Securities Brokerage,IISeLi
IITL,Industrial Investment Trust Limited,Financial,Investment Trust,InInTrLi
IKIO,IKIO Lighting Limited,Manufacturing,Lighting,IKLiLi
IL&FSENGG,IL&FS Engineering and Construction Company Limited,Engineering,Infrastructure,ILEnanCoCoLi
IL&FSTRANS,IL&FS Transportation Networks Limited,Transportation,Logistics,ILTrNeLi
IMAGICAA,Imagicaaworld Entertainment Limited,Entertainment,Theme Parks,ImEnLi
IMFA,Indian Metals & Ferro Alloys Limited,Metals,Ferro Alloys,InMe_FeAlLi
IMPAL,India Motor Parts and Accessories Limited,Automotive,Motor Parts,InMoPaanAcLi
IMPEXFERRO,Impex Ferro Tech Limited,Metals,Ferro Alloys,ImFeTeLi
INCREDIBLE,INCREDIBLE INDUSTRIES LIMITED,Manufacturing,Consumer Products,ININLI
INDBANK,Indbank Merchant Banking Services Limited,Financial,Merchant Banking,InMeBaSeLi
INDHOTEL,The Indian Hotels Company Limited,Hospitality,Hotels,ThInHoCoLi
INDIACEM,The India Cements Limited,Construction,Cement,ThInCeLi
INDIAGLYCO,India Glycols Limited,Chemicals,Specialty Chemicals,InGlLi
INDIAMART,Indiamart Intermesh Limited,E-commerce,B2B Marketplace,InInLi
INDIANB,Indian Bank,Financial,Banking,InBa
INDIANCARD,Indian Card Clothing Company Limited,Manufacturing,Textiles,InCaClCoLi
INDIANHUME,Indian Hume Pipe Company Limited,Manufacturing,Pipes,InHuPiCoLi
INDIASHLTR,India Shelter Finance Corporation Limited,Financial,Housing Finance,InShFiCoLi
INDIGO,InterGlobe Aviation Limited,Transportation,Airlines,InAvLi
INDIGOPNTS,Indigo Paints Limited,Manufacturing,Paints,InPaLi
INDNIPPON,India Nippon Electricals Limited,Manufacturing,Electrical Equipment,InNiElLi
INDOAMIN,Indo Amines Limited,Chemicals,Chemicals,InAmLi
INDOBORAX,Indo Borax & Chemicals Limited,Chemicals,Chemicals,InBo_ChLi
INDOCO,Indoco Remedies Limited,Pharmaceuticals,Pharmaceuticals,InReLi
INDORAMA,Indo Rama Synthetics (India) Limited,Textiles,Synthetic Fibers,InRaSy_ILi
INDOSTAR,IndoStar Capital Finance Limited,Financial,Capital Finance,InCaFiLi
INDOTECH,Indo Tech Transformers Limited,Manufacturing,Electrical Equipment,InTeTrLi
INDOTHAI,Indo Thai Securities Limited,Financial,Securities Brokerage,InThSeLi
INDOWIND,Indowind Energy Limited,Utilities,Renewable Energy,InEnLi
INDRAMEDCO,Indraprastha Medical Corporation Limited,Healthcare,Healthcare Services,InMeCoLi
INDSWFTLAB,Ind-Swift Laboratories Limited,Pharmaceuticals,Pharmaceuticals,InLaLi
INDSWFTLTD,Ind-Swift Limited,Pharmaceuticals,Pharmaceuticals,InLi
INDTERRAIN,Indian Terrain Fashions Limited,Retail,Apparel,InTeFaLi
INDUSINDBK,IndusInd Bank Limited,Financial,Banking,InBaLi
INDUSTOWER,Indus Towers Limited,Telecommunications,Telecom Infrastructure,InToLi
INFIBEAM,Infibeam Avenues Limited,E-commerce,E-commerce,InAvLi
INFOBEAN,InfoBeans Technologies Limited,IT Services,Software Development,InTeLi
INFOMEDIA,Infomedia Press Limited,Media,Media & Publishing,InPrLi
INFY,Infosys Limited,IT Services,Information Technology,InLi
INGERRAND,Ingersoll Rand (India) Limited,Manufacturing,Industrial Equipment,InRa_ILi
INNOVACAP,Innova Captab Limited,Manufacturing,Manufacturing,InCaLi
INOXGREEN,Inox Green Energy Services Limited,Utilities,Renewable Energy,InGrEnSeLi
INOXINDIA,INOX India Limited,Manufacturing,Industrial Equipment,INInLi
INOXWIND,Inox Wind Limited,Manufacturing,Renewable Energy,InWiLi
INSECTICID,Insecticides (India) Limited,Agriculture,Agro Chemicals,In_ILi
INSPIRISYS,Inspirisys Solutions Limited,IT Services,IT Consulting,InSoLi
INTELLECT,Intellect Design Arena Limited,IT Services,Software Development,InDeArLi
INTENTECH,Intense Technologies Limited,IT Services,Software Development,InTeLi
INTLCONV,International Conveyors Limited,Manufacturing,Manufacturing,InCoLi
INVENTURE,Inventure Growth & Securities Limited,Financial,Investment,InGr_SeLi
IOB,Indian Overseas Bank,Financial,Banking,InOvBa
IOC,Indian Oil Corporation Limited,Energy,Oil & Gas,InOiCoLi
IOLCP,IOL Chemicals and Pharmaceuticals Limited,Chemicals,Chemicals,IOChanPhLi
IONEXCHANG,ION Exchange (India) Limited,Financial,Financial Services,IOEx_ILi
IPCALAB,IPCA Laboratories Limited,Pharmaceuticals,Pharmaceuticals,IPLaLi
IPL,India Pesticides Limited,Agriculture,Agro Chemicals,InPeLi
IRB,IRB Infrastructure Developers Limited,Infrastructure,Infrastructure Development,IRInDeLi
IRCON,Ircon International Limited,Infrastructure,Construction,IrInLi
IRCTC,Indian Railway Catering And Tourism Corporation Limited,Travel,Tourism,InRaCaAnToCoLi
IREDA,Indian Renewable Energy Development Agency Limited,Energy,Renewable Energy,InReEnDeAgLi
IRFC,Indian Railway Finance Corporation Limited,Financial,Financial Services,InRaFiCoLi
IRIS,Iris Business Services Limited,IT Services,Business Services,IrBuSeLi
IRISDOREME,Iris Clothings Limited,Retail,Apparel,IrClLi
IRMENERGY,IRM Energy Limited,Energy,Renewable Energy,IREnLi
ISEC,ICICI Securities Limited,Financial,Securities Brokerage,ICSeLi
ISFT,Intrasoft Technologies Limited,IT Services,IT Consulting,InTeLi
ISGEC,Isgec Heavy Engineering Limited,Manufacturing,Heavy Engineering,IsHeEnLi
ISMTLTD,ISMT Limited,Manufacturing,Steel,ISLi
ITC,ITC Limited,Conglomerate,Diversified,ITLi
ITDC,India Tourism Development Corporation Limited,Services,Travel & Tourism,InToDeCoLi
ITDCEM,ITD Cementation India Limited,Industrials,Construction,ITCeInLi
ITI,ITI Limited,Telecommunications,Communications,ITLi
IVC,IL&FS Investment Managers Limited,Finance,Investment Management,ILInMaLi
IVP,IVP Limited,Consumer Goods,Food & Beverages,IVLi
IWEL,Inox Wind Energy Limited,Energy,Renewable Energy,InWiEnLi
IZMO,IZMO Limited,Technology,IT Services,IZLi
J&KBANK,The Jammu & Kashmir Bank Limited,Financials,Banking,ThJa_KaBaLi
JAGRAN,Jagran Prakashan Limited,Media,Publishing,JaPrLi
JAGSNPHARM,Jagsonpal Pharmaceuticals Limited,Healthcare,Pharmaceuticals,JaPhLi
JAIBALAJI,Jai Balaji Industries Limited,Industrials,Steel & Iron,JaBaInLi
JAICORPLTD,Jai Corp Limited,Conglomerate,Diversified,JaCoLi
JAIPURKURT,Nandani Creation Limited,Consumer Goods,Textiles,NaCrLi
JAMNAAUTO,Jamna Auto Industries Limited,Industrials,Auto Parts,JaAuInLi
JASH,Jash Engineering Limited,Industrials,Engineering,JaEnLi
JAYAGROGN,Jayant Agro Organics Limited,Consumer Goods,Agriculture,JaAgOrLi
JAYBARMARU,Jay Bharat Maruti Limited,Consumer Goods,Auto Manufacturing,JaBhMaLi
JAYNECOIND,Jayaswal Neco Industries Limited,Industrials,Steel & Iron,JaNeInLi
JAYSREETEA,Jayshree Tea & Industries Limited,Consumer Goods,Beverages,JaTe_InLi
JBCHEPHARM,JB Chemicals & Pharmaceuticals Limited,Healthcare,Pharmaceuticals,JBCh_PhLi
JBMA,JBM Auto Limited,Industrials,Auto Parts,JBAuLi
JCHAC,Johnson Controls - Hitachi Air Conditioning India Limited,Industrials,HVAC Systems,JoCo-HiAiCoInLi
JETAIRWAYS,Jet Airways (India) Limited,Services,Airlines,JeAi_ILi
JETFREIGHT,Jet Freight Logistics Limited,Services,Logistics,JeFrLoLi
JGCHEM,J.G.Chemicals Limited,Materials,Chemicals,J.Li
JHS,JHS Svendgaard Laboratories Limited,Healthcare,Healthcare,JHSvLaLi
JINDALPHOT,Jindal Photo Limited,Consumer Goods,Media & Entertainment,JiPhLi
JINDALPOLY,Jindal Poly Films Limited,Materials,Plastics,JiPoFiLi
JINDALSAW,Jindal Saw Limited,Industrials,Steel & Iron,JiSaLi
JINDALSTEL,Jindal Steel & Power Limited,Materials,Steel & Iron,JiSt_PoLi
JINDRILL,Jindal Drilling And Industries Limited,Industrials,Oil & Gas,JiDrAnInLi
JINDWORLD,Jindal Worldwide Limited,Conglomerate,Diversified,JiWoLi
JIOFIN,Jio Financial Services Limited,Financials,Financial Services,JiFiSeLi
JISLDVREQS,Jain Irrigation Systems Limited,Industrials,Agriculture,JaIrSyLi
JISLJALEQS,Jain Irrigation Systems Limited,Industrials,Agriculture,JaIrSyLi
JITFINFRA,JITF Infralogistics Limited,Industrials,Infrastructure,JIInLi
JKCEMENT,JK Cement Limited,Materials,Cement,JKCeLi
JKIL,J.Kumar Infraprojects Limited,Industrials,Construction,J.InLi
JKLAKSHMI,JK Lakshmi Cement Limited,Materials,Cement,JKLaCeLi
JKPAPER,JK Paper Limited,Materials,Paper,JKPaLi
JKTYRE,JK Tyre & Industries Limited,Consumer Goods,Auto Parts,JKTy_InLi
JLHL,Jupiter Life Line Hospitals Limited,Healthcare,Healthcare,JuLiLiHoLi
JMA,Jullundur Motor Agency (Delhi) Limited,Consumer Goods,Auto Parts,JuMoAg_DLi
JMFINANCIL,JM Financial Limited,Financials,Financial Services,JMFiLi
JOCIL,Jocil Limited,Materials,Chemicals,JoLi
JPASSOCIAT,Jaiprakash Associates Limited,Industrials,Construction,JaAsLi
JPOLYINVST,Jindal Poly Investment and Finance Company Limited,Financials,Investment Management,JiPoInanFiCoLi
JPPOWER,Jaiprakash Power Ventures Limited,Energy,Power Generation,JaPoVeLi
JSFB,Jana Small Finance Bank Limited,Financials,Banking,JaSmFiBaLi
JSL,Jindal Stainless Limited,Materials,Steel & Iron,JiStLi
JSWENERGY,JSW Energy Limited,Energy,Renewable Energy,JSEnLi
JSWHL,JSW Holdings Limited,Conglomerate,Diversified,JSHoLi
JSWINFRA,JSW Infrastructure Limited,Industrials,Infrastructure,JSInLi
JSWSTEEL,JSW Steel Limited,Materials,Steel & Iron,JSStLi
JTEKTINDIA,Jtekt India Limited,Industrials,Auto Parts,JtInLi
JTLIND,JTL Industries Limited,Industrials,Manufacturing,JTInLi
JUBLFOOD,Jubilant Foodworks Limited,Consumer Goods,Food & Beverages,JuFoLi
JUBLINDS,Jubilant Industries Limited,Chemicals,Chemicals,JuInLi
JUBLINGREA,Jubilant Ingrevia Limited,Chemicals,Chemicals,JuInLi
JUBLPHARMA,Jubilant Pharmova Limited,Healthcare,Pharmaceuticals,JuPhLi
JUNIPER,Juniper Hotels Limited,Services,Hospitality,JuHoLi
JUSTDIAL,Just Dial Limited,Technology,IT Services,JuDiLi
JWL,Jupiter Wagons Limited,Industrials,Manufacturing,JuWaLi
JYOTHYLAB,Jyothy Labs Limited,Consumer Goods,Personal Care,JyLaLi
JYOTICNC,Jyoti CNC Automation Limited,Industrials,Manufacturing,JyCNAuLi
JYOTISTRUC,Jyoti Structures Limited,Industrials,Construction,JyStLi
KABRAEXTRU,Kabra Extrusion Technik Limited,Industrials,Manufacturing,KaExTeLi
KAJARIACER,Kajaria Ceramics Limited,Consumer Goods,Ceramics,KaCeLi
KAKATCEM,Kakatiya Cement Sugar & Industries Limited,Materials,Cement,KaCeSu_InLi
KALAMANDIR,Sai Silks (Kalamandir) Limited,Consumer Goods,Retail,SaSi_KLi
KALYANI,Kalyani Commercials Limited,Consumer Goods,Diversified,KaCoLi
KALYANIFRG,Kalyani Forge Limited,Industrials,Manufacturing,KaFoLi
KALYANKJIL,Kalyan Jewellers India Limited,Consumer Goods,Jewelry,KaJeInLi
KAMATHOTEL,Kamat Hotels (I) Limited,Services,Hospitality,KaHo_ILi
KAMDHENU,Kamdhenu Limited,Industrials,Manufacturing,KaLi
KAMOPAINTS,Kamdhenu Ventures Limited,Consumer Goods,Paints,KaVeLi
KANANIIND,Kanani Industries Limited,Industrials,Manufacturing,KaInLi
KANORICHEM,Kanoria Chemicals & Industries Limited,Chemicals,Chemicals,KaCh_InLi
KANPRPLA,Kanpur Plastipack Limited,Industrials,Plastics,KaPlLi
KANSAINER,Kansai Nerolac Paints Limited,Consumer Goods,Paints,KaNePaLi
KAPSTON,Kapston Services Limited,Services,Business Services,KaSeLi
KARMAENG,Karma Energy Limited,Energy,Renewable Energy,KaEnLi
KARURVYSYA,Karur Vysya Bank Limited,Financials,Banking,KaVyBaLi
KAUSHALYA,Kaushalya Infrastructure Development Corporation Limited,Industrials,Infrastructure,KaInDeCoLi
KAVVERITEL,Kavveri Telecom Products Limited,Telecommunications,Telecommunications,KaTePrLi
KAYA,Kaya Limited,Healthcare,Personal Care,KaLi
KAYNES,Kaynes Technology India Limited,Technology,IT Services,KaTeInLi
KBCGLOBAL,KBC Global Limited,Financials,Financial Services,KBGlLi
KCP,KCP Limited,Industrials,Manufacturing,KCLi
KCPSUGIND,KCP Sugar and Industries Corporation Limited,Consumer Goods,Food & Beverages,KCSuanInCoLi
KDDL,KDDL Limited,Industrials,Manufacturing,KDLi
KEC,KEC International Limited,Industrials,Engineering,KEInLi
KECL,Kirloskar Electric Company Limited,Industrials,Electrical Equipment,KiElCoLi
KEEPLEARN,DSJ Keep Learning Limited,Services,Education,DSKeLeLi
KEI,KEI Industries Limited,Industrials,Electrical Equipment,KEInLi
KELLTONTEC,Kellton Tech Solutions Limited,Technology,IT Services,KeTeSoLi
KERNEX,Kernex Microsystems (India) Limited,Technology,IT Services,KeMi_ILi
KESORAMIND,Kesoram Industries Limited,Materials,Textiles,KeInLi
KEYFINSERV,Keynote Financial Services Limited,Financials,Financial Services,KeFiSeLi
KFINTECH,Kfin Technologies Limited,Technology,IT Services,KfTeLi
KHADIM,Khadim India Limited,Consumer Goods,Retail,KhInLi
KHAICHEM,Khaitan Chemicals & Fertilizers Limited,Chemicals,Fertilizers,KhCh_FeLi
KHAITANLTD,Khaitan (India) Limited,Manufacturing,Chemicals,Kh_ILi
KHANDSE,Khandwala Securities Limited,Financial Services,Brokerage,KhSeLi
KICL,Kalyani Investment Company Limited,Investment,Financial Services,KaInCoLi
KILITCH,Kilitch Drugs (India) Limited,Pharmaceuticals,Healthcare,KiDr_ILi
KIMS,Krishna Institute of Medical Sciences Limited,Healthcare,Medical Services,KrInofMeScLi
KINGFA,Kingfa Science & Technology (India) Limited,Plastics,Materials,KiSc_Te_ILi
KIOCL,KIOCL Limited,Mining,Metals,KILi
KIRIINDUS,Kiri Industries Limited,Chemicals,Manufacturing,KiInLi
KIRLOSBROS,Kirloskar Brothers Limited,Engineering,Manufacturing,KiBrLi
KIRLOSENG,Kirloskar Oil Engines Limited,Engineering,Manufacturing,KiOiEnLi
KIRLOSIND,Kirloskar Industries Limited,Engineering,Manufacturing,KiInLi
KIRLPNU,Kirloskar Pneumatic Company Limited,Engineering,Manufacturing,KiPnCoLi
KITEX,Kitex Garments Limited,Textiles,Apparel,KiGaLi
KKCL,Kewal Kiran Clothing Limited,Textiles,Apparel,KeKiClLi
KMSUGAR,K.M.Sugar Mills Limited,Sugar Industry,Agriculture,K.MiLi
KNRCON,KNR Constructions Limited,Construction,Infrastructure,KNCoLi
KOHINOOR,Kohinoor Foods Limited,Food & Beverage,Consumer Goods,KoFoLi
KOKUYOCMLN,Kokuyo Camlin Limited,Stationery,Consumer Goods,KoCaLi
KOLTEPATIL,Kolte - Patil Developers Limited,Real Estate,Construction,Ko-PaDeLi
KOPRAN,Kopran Limited,Pharmaceuticals,Healthcare,KoLi
KOTAKBANK,Kotak Mahindra Bank Limited,Banking,Financial Services,KoMaBaLi
KOTARISUG,Kothari Sugars And Chemicals Limited,Sugar Industry,Agriculture,KoSuAnChLi
KOTHARIPET,Kothari Petrochemicals Limited,Chemicals,Petrochemicals,KoPeLi
KOTHARIPRO,Kothari Products Limited,Consumer Goods,Food & Beverage,KoPrLi
KPIGREEN,KPI Green Energy Limited,Renewable Energy,Energy,KPGrEnLi
KPIL,Kalpataru Projects International Limited,Infrastructure,Construction,KaPrInLi
KPITTECH,KPIT Technologies Limited,Technology,IT Services,KPTeLi
KPRMILL,K.P.R. Mill Limited,Textiles,Apparel,K.MiLi
KRBL,KRBL Limited,Food & Beverage,Agriculture,KRLi
KREBSBIO,Krebs Biochemicals and Industries Limited,Chemicals,Biotechnology,KrBianInLi
KRIDHANINF,Kridhan Infra Limited,Infrastructure,Construction,KrInLi
KRISHANA,Krishana Phoschem Limited,Chemicals,Fertilizers,KrPhLi
KRITI,Kriti Industries (India) Limited,Manufacturing,Chemicals,KrIn_ILi
KRITIKA,Kritika Wires Limited,Manufacturing,Wires,KrWiLi
KRITINUT,Kriti Nutrients Limited,Agriculture,Fertilizers,KrNuLi
KRSNAA,Krsnaa Diagnostics Limited,Healthcare,Medical Services,KrDiLi
KRYSTAL,Krystal Integrated Services Limited,Technology,IT Services,KrInSeLi
KSB,KSB Limited,Engineering,Manufacturing,KSLi
KSCL,Kaveri Seed Company Limited,Agriculture,Seeds,KaSeCoLi
KSHITIJPOL,Kshitij Polyline Limited,Manufacturing,Plastic Products,KsPoLi
KSL,Kalyani Steels Limited,Manufacturing,Steel,KaStLi
KSOLVES,Ksolves India Limited,Technology,IT Services,KsInLi
KTKBANK,The Karnataka Bank Limited,Banking,Financial Services,ThKaBaLi
KUANTUM,Kuantum Papers Limited,Paper,Manufacturing,KuPaLi
L&TFH,L&T Finance Holdings Limited,Financial Services,Investment,L_FiHoLi
LAGNAM,Lagnam Spintex Limited,Textiles,Apparel,LaSpLi
LAKPRE,Lakshmi Precision Screws Limited,Manufacturing,Engineering,LaPrScLi
LAL,Lorenzini Apparels Limited,Textiles,Apparel,LoApLi
LALPATHLAB,Dr. Lal Path Labs Ltd.,Healthcare,Medical Services,DrLaPaLaLt
LAMBODHARA,Lambodhara Textiles Limited,Textiles,Apparel,LaTeLi
LANCORHOL,Lancor Holdings Limited,Real Estate,Construction,LaHoLi
LANDMARK,Landmark Cars Limited,Automotive,Consumer Goods,LaCaLi
LAOPALA,La Opala RG Limited,Glassware,Consumer Goods,LaOpRGLi
LASA,Lasa Supergenerics Limited,Pharmaceuticals,Healthcare,LaSuLi
LATENTVIEW,Latent View Analytics Limited,Technology,IT Services,LaViAnLi
LATTEYS,Latteys Industries Limited,Manufacturing,Engineering,LaInLi
LAURUSLABS,Laurus Labs Limited,Pharmaceuticals,Healthcare,LaLaLi
LAXMICOT,Laxmi Cotspin Limited,Textiles,Apparel,LaCoLi
LAXMIMACH,Lakshmi Machine Works Limited,Engineering,Machinery,LaMaWoLi
LCCINFOTEC,LCC Infotech Limited,Technology,IT Services,LCInLi
LEMONTREE,Lemon Tree Hotels Limited,Hospitality,Hotel & Tourism,LeTrHoLi
LEXUS,Lexus Granito (India) Limited,Manufacturing,Ceramics,LeGr_ILi
LFIC,Lakshmi Finance & Industrial Corporation Limited,Financial Services,Investment,LaFi_InCoLi
LGBBROSLTD,LG Balakrishnan & Bros Limited,Manufacturing,Engineering,LGBa_BrLi
LGBFORGE,LGB Forge Limited,Manufacturing,Engineering,LGFoLi
LGHL,Laxmi Goldorna House Limited,Manufacturing,Gold & Jewelry,LaGoHoLi
LIBAS,Libas Consumer Products Limited,Consumer Goods,Apparel,LiCoPrLi
LIBERTSHOE,Liberty Shoes Limited,Consumer Goods,Footwear,LiShLi
LICHSGFIN,LIC Housing Finance Limited,Financial Services,Investment,LIHoFiLi
LICI,Life Insurance Corporation Of India,Insurance,Financial Services,LiInCoOfIn
LIKHITHA,Likhitha Infrastructure Limited,Infrastructure,Construction,LiInLi
LINC,Linc Limited,Paper,Manufacturing,LiLi
LINCOLN,Lincoln Pharmaceuticals Limited,Pharmaceuticals,Healthcare,LiPhLi
LINDEINDIA,Linde India Limited,Gas,Industrial,LiInLi
LLOYDSENGG,LLOYDS ENGINEERING WORKS LIMITED,Engineering,Manufacturing,LLENWOLI
LLOYDSME,Lloyds Metals And Energy Limited,Manufacturing,Metals,LlMeAnEnLi
LODHA,Macrotech Developers Limited,Real Estate,Construction,MaDeLi
LOKESHMACH,Lokesh Machines Limited,Engineering,Machinery,LoMaLi
LORDSCHLO,Lords Chloro Alkali Limited,Chemicals,Manufacturing,LoChAlLi
LOTUSEYE,Lotus Eye Hospital and Institute Limited,Healthcare,Medical Services,LoEyHoanInLi
LOVABLE,Lovable Lingerie Limited,Consumer Goods,Apparel,LoLiLi
LOYALTEX,Loyal Textile Mills Limited,Textiles,Apparel,LoTeMiLi
LPDC,Landmark Property Development Company Limited,Real Estate,Construction,LaPrDeCoLi
LT,Larsen & Toubro Limited,Engineering,Construction,La_ToLi
LTFOODS,LT Foods Limited,Food & Beverage,Agriculture,LTFoLi
LTIM,LTIMindtree Limited,Technology,IT Services,LTLi
LTTS,L&T Technology Services Limited,Technology,IT Services,L_TeSeLi
LUMAXIND,Lumax Industries Limited,Manufacturing,Automotive,LuInLi
LUMAXTECH,Lumax Auto Technologies Limited,Manufacturing,Automotive,LuAuTeLi
LUPIN,Lupin Limited,Pharmaceuticals,Healthcare,LuLi
LUXIND,Lux Industries Limited,Textiles,Apparel,LuInLi
LXCHEM,Laxmi Organic Industries Limited,Chemicals,Manufacturing,LaOrInLi
LYKALABS,Lyka Labs Limited,Pharmaceuticals,Healthcare,LyLaLi
LYPSAGEMS,Lypsa Gems & Jewellery Limited,Jewelry,Consumer Goods,LyGe_JeLi
M&M,Mahindra & Mahindra Limited,Automotive,Manufacturing,Ma_MaLi
M&MFIN,Mahindra & Mahindra Financial Services Limited,Financial Services,Investment,Ma_MaFiSeLi
MAANALU,Maan Aluminium Limited,Manufacturing,Aluminium,MaAlLi
MACPOWER,Macpower CNC Machines Limited,Manufacturing,Machinery,MaCNMaLi
MADHAV,Madhav Marbles and Granites Limited,Manufacturing,Stones and Minerals,MaMaanGrLi
MADHUCON,Madhucon Projects Limited,Construction,Project Development,MaPrLi
MADRASFERT,Madras Fertilizers Limited,Manufacturing,Fertilizers,MaFeLi
MAGADSUGAR,Magadh Sugar & Energy Limited,Manufacturing,Sugar Production,MaSu_EnLi
MAGNUM,Magnum Ventures Limited,Manufacturing,Consumer Products,MaVeLi
MAHABANK,Bank of Maharashtra,Banking,Public Sector Banks,BaofMa
MAHAPEXLTD,Maha Rashtra Apex Corporation Limited,Manufacturing,Retail,MaRaApCoLi
MAHASTEEL,Mahamaya Steel Industries Limited,Manufacturing,Steel Production,MaStInLi
MAHEPC,Mahindra EPC Irrigation Limited,Manufacturing,Engineering Services,MaEPIrLi
MAHESHWARI,Maheshwari Logistics Limited,Logistics,Transport and Logistics,MaLoLi
MAHLIFE,Mahindra Lifespace Developers Limited,Real Estate,Property Development,MaLiDeLi
MAHLOG,Mahindra Logistics Limited,Logistics,Supply Chain Management,MaLoLi
MAHSCOOTER,Maharashtra Scooters Limited,Manufacturing,Automotive,MaScLi
MAHSEAMLES,Maharashtra Seamless Limited,Manufacturing,Steel Pipes,MaSeLi
MAITHANALL,Maithan Alloys Limited,Manufacturing,Alloys and Metals,MaAlLi
MALLCOM,Mallcom (India) Limited,Manufacturing,Safety Equipment,Ma_ILi
MALUPAPER,Malu Paper Mills Limited,Manufacturing,Paper Production,MaPaMiLi
MANAKALUCO,Manaksia Aluminium Company Limited,Manufacturing,Aluminium Products,MaAlCoLi
MANAKCOAT,Manaksia Coated Metals & Industries Limited,Manufacturing,Coated Products,MaCoMe_InLi
MANAKSIA,Manaksia Limited,Manufacturing,Diversified Products,MaLi
MANAKSTEEL,Manaksia Steels Limited,Manufacturing,Steel Production,MaStLi
MANALIPETC,Manali Petrochemicals Limited,Manufacturing,Petrochemicals,MaPeLi
MANAPPURAM,Manappuram Finance Limited,Financial Services,Non-Banking Financial Company,MaFiLi
MANGALAM,Mangalam Drugs And Organics Limited,Pharmaceuticals,Drugs and Chemicals,MaDrAnOrLi
MANGCHEFER,Mangalore Chemicals & Fertilizers Limited,Manufacturing,Fertilizers,MaCh_FeLi
MANGLMCEM,Mangalam Cement Limited,Manufacturing,Cement Production,MaCeLi
MANINDS,Man Industries (India) Limited,Manufacturing,Industrial Products,MaIn_ILi
MANINFRA,Man Infraconstruction Limited,Construction,Infrastructure Development,MaInLi
MANKIND,Mankind Pharma Limited,Pharmaceuticals,Healthcare Products,MaPhLi
MANOMAY,Manomay Tex India Limited,Manufacturing,Textiles,MaTeInLi
MANORAMA,Manorama Industries Limited,Manufacturing,Consumer Products,MaInLi
MANORG,Mangalam Organics Limited,Manufacturing,Organic Chemicals,MaOrLi
MANUGRAPH,Manugraph India Limited,Manufacturing,Printing and Publishing,MaInLi
MANYAVAR,Vedant Fashions Limited,Retail,Apparel,VeFaLi
MAPMYINDIA,C.E. Info Systems Limited,Technology,Geographic Information Systems,C.InSyLi
MARALOVER,Maral Overseas Limited,Manufacturing,Textiles,MaOvLi
MARATHON,Marathon Nextgen Realty Limited,Real Estate,Property Development,MaNeReLi
MARICO,Marico Limited,Consumer Goods,Personal Care Products,MaLi
MARINE,Marine Electricals (India) Limited,Manufacturing,Electrical Equipment,MaEl_ILi
MARKSANS,Marksans Pharma Limited,Pharmaceuticals,Drugs and Pharmaceuticals,MaPhLi
MARSHALL,Marshall Machines Limited,Manufacturing,Machinery,MaMaLi
MARUTI,Maruti Suzuki India Limited,Automotive,Cars,MaSuInLi
MASFIN,MAS Financial Services Limited,Financial Services,NBFC,MAFiSeLi
MASKINVEST,Mask Investments Limited,Financial Services,Investments,MaInLi
MASTEK,Mastek Limited,IT Services,Software Development,MaLi
MATRIMONY,Matrimony.Com Limited,Technology,Online Services,MaLi
MAWANASUG,Mawana Sugars Limited,Manufacturing,Sugar Production,MaSuLi
MAXESTATES,Max Estates Limited,Real Estate,Property Development,MaEsLi
MAXHEALTH,Max Healthcare Institute Limited,Healthcare,Hospital Services,MaHeInLi
MAXIND,Max India Limited,Manufacturing,Diversified Products,MaInLi
MAYURUNIQ,Mayur Uniquoters Ltd,Manufacturing,Automotive Interiors,MaUnLt
MAZDA,Mazda Limited,Automotive,Cars,MaLi
MAZDOCK,Mazagon Dock Shipbuilders Limited,Manufacturing,Shipbuilding,MaDoShLi
MBAPL,Madhya Bharat Agro Products Limited,Agriculture,Agro Products,MaBhAgPrLi
MBECL,Mcnally Bharat Engineering Company Limited,Engineering,Infrastructure,McBhEnCoLi
MBLINFRA,MBL Infrastructure Limited,Construction,Infrastructure Development,MBInLi
MCDOWELL-N,United Spirits Limited,Beverages,Alcoholic Beverages,UnSpLi
MCL,Madhav Copper Limited,Manufacturing,Copper Products,MaCoLi
MCLEODRUSS,Mcleod Russel India Limited,Agriculture,Tea Production,McRuInLi
MCX,Multi Commodity Exchange of India Limited,Financial Services,Commodity Trading,MuCoExofInLi
MEDANTA,Global Health Limited,Healthcare,Hospital Services,GlHeLi
MEDIASSIST,Medi Assist Healthcare Services Limited,Healthcare,Insurance Services,MeAsHeSeLi
MEDICAMEQ,Medicamen Biotech Limited,Pharmaceuticals,Biopharmaceuticals,MeBiLi
MEDICO,Medico Remedies Limited,Pharmaceuticals,Medicines,MeReLi
MEDPLUS,Medplus Health Services Limited,Healthcare,Pharmacy Services,MeHeSeLi
MEGASOFT,Megasoft Limited,IT Services,Software Development,MeLi
MEGASTAR,Megastar Foods Limited,Food & Beverage,Food Products,MeFoLi
MELSTAR,Melstar Information Technologies Limited,IT Services,IT Consulting,MeInTeLi
MENONBE,Menon Bearings Limited,Manufacturing,Bearings Production,MeBeLi
MEP,MEP Infrastructure Developers Limited,Infrastructure,Infrastructure Development,MEInDeLi
METALFORGE,Metalyst Forgings Limited,Manufacturing,Forgings,MeFoLi
METROBRAND,Metro Brands Limited,Retail,Footwear,MeBrLi
METROPOLIS,Metropolis Healthcare Limited,Healthcare,Diagnostic Services,MeHeLi
MFSL,Max Financial Services Limited,Financial Services,Insurance and Mutual Funds,MaFiSeLi
MGEL,Mangalam Global Enterprise Limited,Manufacturing,Diversified Products,MaGlEnLi
MGL,Mahanagar Gas Limited,Utilities,Gas Distribution,MaGaLi
MHLXMIRU,Mahalaxmi Rubtech Limited,Manufacturing,Rubber Products,MaRuLi
MHRIL,Mahindra Holidays & Resorts India Limited,Hospitality,Hotels and Resorts,MaHo_ReInLi
MICEL,MIC Electronics Limited,Manufacturing,Electronic Products,MIElLi
MIDHANI,Mishra Dhatu Nigam Limited,Manufacturing,Aerospace and Defense Materials,MiDhNiLi
MINDACORP,Minda Corporation Limited,Manufacturing,Auto Components,MiCoLi
MINDTECK,Mindteck (India) Limited,IT Services,Software Development,Mi_ILi
MIRCELECTR,MIRC Electronics Limited,Manufacturing,Consumer Electronics,MIElLi
MIRZAINT,Mirza International Limited,Manufacturing,Leather Products,MiInLi
MITCON,MITCON Consultancy & Engineering Services Limited,Consulting,Engineering and Consultancy,MICo_EnSeLi
MITTAL,Mittal Life Style Limited,Retail,Textiles and Garments,MiLiStLi
MKPL,M K Proteins Limited,Manufacturing,Food Processing,MKPrLi
MMFL,MM Forgings Limited,Manufacturing,Forgings,MMFoLi
MMP,MMP Industries Limited,Manufacturing,Industrial Products,MMInLi
MMTC,MMTC Limited,Trading,Minerals and Metals Trading,MMLi
MODIRUBBER,Modi Rubber Limited,Manufacturing,Rubber Products,MoRuLi
MODISONLTD,MODISON LIMITED,Manufacturing,Electrical Contacts,MOLI
MODTHREAD,Modern Threads (India) Limited,Manufacturing,Textile Industry,MoTh_ILi
MOHITIND,Mohit Industries Limited,Manufacturing,Engineering Products,MoInLi
MOIL,MOIL Limited,Mining,Manganese Ore Production,MOLi
MOKSH,Moksh Ornaments Limited,Manufacturing,Jewelry,MoOrLi
MOL,Meghmani Organics Limited,Manufacturing,Chemicals,MeOrLi
MOLDTECH,Mold-Tek Technologies Limited,Manufacturing,Packaging Solutions,MoTeLi
MOLDTKPAC,Mold-Tek Packaging Limited,Manufacturing,Packaging,MoPaLi
MONARCH,Monarch Networth Capital Limited,Financial Services,Investment Services,MoNeCaLi
MONTECARLO,Monte Carlo Fashions Limited,Consumer Goods,Apparel,MoCaFaLi
MORARJEE,Morarjee Textiles Limited,Textiles,Manufacturing,MoTeLi
MOREPENLAB,Morepen Laboratories Limited,Healthcare,Pharmaceuticals,MoLaLi
MOTHERSON,Samvardhana Motherson International Limited,Automotive,Manufacturing,SaMoInLi
MOTILALOFS,Motilal Oswal Financial Services Limited,Financial Services,Investment Services,MoOsFiSeLi
MOTISONS,Motisons Jewellers Limited,Consumer Goods,Retail,MoJeLi
MOTOGENFIN,The Motor & General Finance Limited,Financial Services,Investment Services,ThMo_GeFiLi
MPHASIS,MphasiS Limited,IT Services,Software Development,MpLi
MPSLTD,MPS Limited,IT Services,Software Development,MPLi
MRF,MRF Limited,Automotive,Tyres,MRLi
MRO-TEK,MRO-TEK Realty Limited,Real Estate,Realty,MRReLi
MRPL,Mangalore Refinery and Petrochemicals Limited,Energy,Refining,MaReanPeLi
MSPL,MSP Steel & Power Limited,Manufacturing,Steel,MSSt_PoLi
MSTCLTD,MSTC Limited,Trading,E-commerce,MSLi
MSUMI,Motherson Sumi Wiring India Limited,Automotive,Wiring,MoSuWiInLi
MTARTECH,Mtar Technologies Limited,Aerospace,Manufacturing,MtTeLi
MTEDUCARE,MT Educare Limited,Education,Educational Services,MTEdLi
MTNL,Mahanagar Telephone Nigam Limited,Telecommunications,Telecom,MaTeNiLi
MUFIN,Mufin Green Finance Limited,Financial Services,Investment Services,MuGrFiLi
MUFTI,Credo Brands Marketing Limited,Consumer Goods,Retail,CrBrMaLi
MUKANDLTD,Mukand Limited,Manufacturing,Steel,MuLi
MUKKA,Mukka Proteins Limited,Food Processing,Manufacturing,MuPrLi
MUKTAARTS,Mukta Arts Limited,Entertainment,Media,MuArLi
MUNJALAU,Munjal Auto Industries Limited,Automotive,Manufacturing,MuAuInLi
MUNJALSHOW,Munjal Showa Limited,Automotive,Manufacturing,MuShLi
MURUDCERA,Murudeshwar Ceramics Limited,Manufacturing,Ceramics,MuCeLi
MUTHOOTCAP,Muthoot Capital Services Limited,Financial Services,Investment Services,MuCaSeLi
MUTHOOTFIN,Muthoot Finance Limited,Financial Services,Investment Services,MuFiLi
MUTHOOTMF,Muthoot Microfin Limited,Financial Services,Microfinance,MuMiLi
MVGJL,Manoj Vaibhav Gems N Jewellers Limited,Consumer Goods,Retail,MaVaGeNJeLi
NACLIND,NACL Industries Limited,Chemicals,Fertilizers,NAInLi
NAGAFERT,Nagarjuna Fertilizers and Chemicals Limited,Chemicals,Fertilizers,NaFeanChLi
NAGREEKCAP,Nagreeka Capital & Infrastructure Limited,Financial Services,Investment Services,NaCa_InLi
NAGREEKEXP,Nagreeka Exports Limited,Trading,Exports,NaExLi
NAHARCAP,Nahar Capital and Financial Services Limited,Financial Services,Investment Services,NaCaanFiSeLi
NAHARINDUS,Nahar Industrial Enterprises Limited,Manufacturing,Industrial Products,NaInEnLi
NAHARPOLY,Nahar Poly Films Limited,Manufacturing,Plastics,NaPoFiLi
NAHARSPING,Nahar Spinning Mills Limited,Textiles,Manufacturing,NaSpMiLi
NAM-INDIA,Nippon Life India Asset Management Limited,Financial Services,Asset Management,NiLiInAsMaLi
NARMADA,Narmada Agrobase Limited,Agriculture,Agro-products,NaAgLi
NATCOPHARM,Natco Pharma Limited,Healthcare,Pharmaceuticals,NaPhLi
NATHBIOGEN,Nath Bio-Genes (India) Limited,Healthcare,Biotechnology,NaBi_ILi
NATIONALUM,National Aluminium Company Limited,Metals,Aluminium,NaAlCoLi
NAUKRI,Info Edge (India) Limited,IT Services,Job Portals,InEd_ILi
NAVA,NAVA LIMITED,Diversified,Miscellaneous,NALI
NAVINFLUOR,Navin Fluorine International Limited,Chemicals,Fluorochemicals,NaFlInLi
NAVKARCORP,Navkar Corporation Limited,Transportation,Logistics,NaCoLi
NAVNETEDUL,Navneet Education Limited,Education,Educational Services,NaEdLi
NAZARA,Nazara Technologies Limited,Entertainment,Gaming,NaTeLi
NBCC,NBCC (India) Limited,Construction,Real Estate,NB_ILi
NBIFIN,N. B. I. Industrial Finance Company Limited,Financial Services,Investment Services,N.B.I.InFiCoLi
NCC,NCC Limited,Construction,Engineering,NCLi
NCLIND,NCL Industries Limited,Manufacturing,Building Materials,NCInLi
NDGL,Naga Dhunseri Group Limited,Diversified,Miscellaneous,NaDhGrLi
NDL,Nandan Denim Limited,Textiles,Denim Manufacturing,NaDeLi
NDLVENTURE,NDL Ventures Limited,Investment,Venture Capital,NDVeLi
NDRAUTO,Ndr Auto Components Limited,Automotive,Manufacturing,NdAuCoLi
NDTV,New Delhi Television Limited,Media,Broadcasting,NeDeTeLi
NECCLTD,North Eastern Carrying Corporation Limited,Logistics,Transportation,NoEaCaCoLi
NECLIFE,Nectar Lifesciences Limited,Healthcare,Pharmaceuticals,NeLiLi
NELCAST,Nelcast Limited,Manufacturing,Casting,NeLi
NELCO,NELCO Limited,Manufacturing,Electronics,NELi
NEOGEN,Neogen Chemicals Limited,Chemicals,Fine Chemicals,NeChLi
NESCO,Nesco Limited,Real Estate,Infrastructure,NeLi
NESTLEIND,Nestle India Limited,Food Processing,Food,NeInLi
NETWEB,Netweb Technologies India Limited,IT Services,Software Development,NeTeInLi
NETWORK18,Network18 Media & Investments Limited,Media,Broadcasting,NeMe_InLi
NEULANDLAB,Neuland Laboratories Limited,Healthcare,Pharmaceuticals,NeLaLi
NEWGEN,Newgen Software Technologies Limited,IT Services,Software Development,NeSoTeLi
NEXTMEDIA,Next Mediaworks Limited,Media,Broadcasting,NeMeLi
NFL,National Fertilizers Limited,Chemicals,Fertilizers,NaFeLi
NGIL,Nakoda Group of Industries Limited,Diversified,Miscellaneous,NaGrofInLi
NGLFINE,NGL Fine-Chem Limited,Chemicals,Fine Chemicals,NGFiLi
NH,Narayana Hrudayalaya Ltd.,Healthcare,Hospitals,NaHrLt
NHPC,NHPC Limited,Energy,Hydropower,NHLi
NIACL,The New India Assurance Company Limited,Financial Services,Insurance,ThNeInAsCoLi
NIBL,NRB Industrial Bearings Limited,Manufacturing,Bearings,NRInBeLi
NIITLTD,NIIT Limited,Education,Educational Services,NILi
NIITMTS,NIIT Learning Systems Limited,Education,Educational Services,NILeSyLi
NILAINFRA,Nila Infrastructures Limited,Infrastructure,Construction,NiInLi
NILASPACES,Nila Spaces Limited,Real Estate,Real Estate Development,NiSpLi
NILKAMAL,Nilkamal Limited,Consumer Goods,Furniture,NiLi
NINSYS,NINtec Systems Limited,IT Services,Software Development,NISyLi
NIPPOBATRY,Indo-National Limited,Manufacturing,Batteries,InLi
NIRAJ,Niraj Cement Structurals Limited,Construction,Building Materials,NiCeStLi
NIRAJISPAT,Niraj Ispat Industries Limited,Manufacturing,Steel,NiIsInLi
NITCO,Nitco Limited,Manufacturing,Tiles,NiLi
NITINSPIN,Nitin Spinners Limited,Textiles,Manufacturing,NiSpLi
NITIRAJ,Nitiraj Engineers Limited,Engineering,Manufacturing,NiEnLi
NKIND,NK Industries Limited,Manufacturing,Industrial Products,NKInLi
NLCINDIA,NLC India Limited,Energy,Coal Mining,NLInLi
NMDC,NMDC Limited,Mining,Iron Ore,NMLi
NOCIL,NOCIL Limited,Chemicals,Specialty Chemicals,NOLi
NOIDATOLL,Noida Toll Bridge Company Limited,Infrastructure,Toll Roads,NoToBrCoLi
NORBTEAEXP,Norben Tea & Exports Limited,Food Processing,Beverages,NoTe_ExLi
NOVAAGRI,Nova Agritech Limited,Agriculture,Agro-products,NoAgLi
NRAIL,N R Agarwal Industries Limited,Manufacturing,Paper,NRAgInLi
NRBBEARING,NRB Bearing Limited,Manufacturing,Bearings,NRBeLi
NRL,Nupur Recyclers Limited,Recycling,Waste Management,NuReLi
NSIL,Nalwa Sons Investments Limited,Financial Services,Investment Services,NaSoInLi
NSLNISP,NMDC Steel Limited,Metals,Steel Production,NMStLi
NTL,Neueon Towers Limited,Telecommunications,Tower Infrastructure,NeToLi
NTPC,NTPC Limited,Energy,Electric Utilities,NTLi
NUCLEUS,Nucleus Software Exports Limited,Technology,Software Development,NuSoExLi
NURECA,Nureca Limited,Healthcare,E-Commerce,NuLi
NUVAMA,Nuvama Wealth Management Limited,Financial Services,Wealth Management,NuWeMaLi
NUVOCO,Nuvoco Vistas Corporation Limited,Materials,Cement Production,NuViCoLi
NYKAA,FSN E-Commerce Ventures Limited,E-Commerce,Online Retail,FSE-VeLi
OAL,Oriental Aromatics Limited,Chemicals,Specialty Chemicals,OrArLi
OBCL,Orissa Bengal Carrier Limited,Transportation,Logistics,OrBeCaLi
OBEROIRLTY,Oberoi Realty Limited,Real Estate,Property Development,ObReLi
OCCL,Oriental Carbon & Chemicals Limited,Chemicals,Carbon Products,OrCa_ChLi
OFSS,Oracle Financial Services Software Limited,Technology,Financial Software,OrFiSeSoLi
OIL,Oil India Limited,Energy,Oil & Gas Exploration,OiInLi
OILCOUNTUB,Oil Country Tubular Limited,Manufacturing,Oilfield Services,OiCoTuLi
OLECTRA,Olectra Greentech Limited,Technology,Electric Vehicles,OlGrLi
OMAXAUTO,Omax Autos Limited,Automotive,Manufacturing,OmAuLi
OMAXE,Omaxe Limited,Real Estate,Property Development,OmLi
OMINFRAL,OM INFRA LIMITED,Infrastructure,Project Development,OMINLI
OMKARCHEM,Omkar Speciality Chemicals Limited,Chemicals,Specialty Chemicals,OmSpChLi
ONELIFECAP,Onelife Capital Advisors Limited,Financial Services,Investment Advisory,OnCaAdLi
ONEPOINT,One Point One Solutions Limited,IT Services,IT Consulting,OnPoOnSoLi
ONGC,Oil & Natural Gas Corporation Limited,Energy,Oil & Gas Exploration,Oi_NaGaCoLi
ONMOBILE,OnMobile Global Limited,Telecommunications,Mobile Services,OnGlLi
ONWARDTEC,Onward Technologies Limited,Technology,IT Services,OnTeLi
OPTIEMUS,Optiemus Infracom Limited,Telecommunications,Device Manufacturing,OpInLi
ORBTEXP,Orbit Exports Limited,Manufacturing,Textiles,OrExLi
ORCHPHARMA,Orchid Pharma Limited,Pharmaceuticals,Pharma Manufacturing,OrPhLi
ORICONENT,Oricon Enterprises Limited,Manufacturing,Diversified Manufacturing,OrEnLi
ORIENTALTL,Oriental Trimex Limited,Chemicals,Import/Export,OrTrLi
ORIENTBELL,Orient Bell Limited,Manufacturing,Ceramics Production,OrBeLi
ORIENTCEM,Orient Cement Limited,Materials,Cement Production,OrCeLi
ORIENTCER,ORIENT CERATECH LIMITED,Manufacturing,Ceramics,ORCELI
ORIENTELEC,Orient Electric Limited,Electronics,Electrical Equipment,OrElLi
ORIENTHOT,Oriental Hotels Limited,Hospitality,Hotel Management,OrHoLi
ORIENTLTD,Orient Press Limited,Manufacturing,Printing,OrPrLi
ORIENTPPR,Orient Paper & Industries Limited,Manufacturing,Paper Products,OrPa_InLi
ORISSAMINE,The Orissa Minerals Development Company Limited,Mining,Mineral Development,ThOrMiDeCoLi
ORTEL,Ortel Communications Limited,Telecommunications,Telecommunications Services,OrCoLi
ORTINLAB,Ortin Laboratories Limited,Pharmaceuticals,Healthcare,OrLaLi
OSIAHYPER,Osia Hyper Retail Limited,Retail,Hypermarket,OsHyReLi
OSWALAGRO,Oswal Agro Mills Limited,Agriculture,Agro-based Industries,OsAgMiLi
OSWALGREEN,Oswal Greentech Limited,Chemicals,Green Energy Solutions,OsGrLi
OSWALSEEDS,Shree Oswal Seeds And Chemicals Limited,Agriculture,Seed Production,ShOsSeAnChLi
PAGEIND,Page Industries Limited,Manufacturing,Apparel Manufacturing,PaInLi
PAISALO,Paisalo Digital Limited,Financial Services,Microfinance,PaDiLi
PAKKA,PAKKA LIMITED,Manufacturing,Construction Materials,PALI
PALASHSECU,Palash Securities Limited,Financial Services,Investment Services,PaSeLi
PALREDTEC,Palred Technologies Limited,Technology,Electronics Manufacturing,PaTeLi
PANACEABIO,Panacea Biotec Limited,Pharmaceuticals,Biotech Solutions,PaBiLi
PANACHE,Panache Digilife Limited,Technology,Digital Services,PaDiLi
PANAMAPET,Panama Petrochem Limited,Chemicals,Petrochemicals,PaPeLi
PANSARI,Pansari Developers Limited,Real Estate,Property Development,PaDeLi
PAR,Par Drugs And Chemicals Limited,Pharmaceuticals,Chemical Manufacturing,PaDrAnChLi
PARACABLES,Paramount Communications Limited,Telecommunications,Cable Manufacturing,PaCoLi
PARADEEP,Paradeep Phosphates Limited,Chemicals,Fertilizers,PaPhLi
PARAGMILK,Parag Milk Foods Limited,Food,Dairy Products,PaMiFoLi
PARAS,Paras Defence and Space Technologies Limited,Defence,Aerospace,PaDeanSpTeLi
PARASPETRO,Paras Petrofils Limited,Textiles,Polyester Production,PaPeLi
PARKHOTELS,Apeejay Surrendra Park Hotels Limited,Hospitality,Hotel Management,ApSuPaHoLi
PARSVNATH,Parsvnath Developers Limited,Real Estate,Property Development,PaDeLi
PASUPTAC,Pasupati Acrylon Limited,Textiles,Acrylic Fiber Production,PaAcLi
PATANJALI,Patanjali Foods Limited,Food,Consumer Goods,PaFoLi
PATELENG,Patel Engineering Limited,Engineering,Infrastructure Projects,PaEnLi
PATINTLOG,Patel Integrated Logistics Limited,Logistics,Supply Chain Management,PaInLoLi
PAVNAIND,Pavna Industries Limited,Manufacturing,Industrial Products,PaInLi
PAYTM,One 97 Communications Limited,Financial Services,Digital Payments,On97CoLi
PCBL,PCBL LIMITED,Chemicals,Carbon Products,PCLI
PCJEWELLER,PC Jeweller Limited,Retail,Jewelry,PCJeLi
PDMJEPAPER,Pudumjee Paper Products Limited,Manufacturing,Paper Production,PuPaPrLi
PDSL,PDS Limited,Retail,Fashion Retail,PDLi
PEARLPOLY,Pearl Polymers Limited,Chemicals,Polymer Manufacturing,PePoLi
PEL,Piramal Enterprises Limited,Pharmaceuticals,Diversified Investments,PiEnLi
PENIND,Pennar Industries Limited,Manufacturing,Steel Products,PeInLi
PENINLAND,Peninsula Land Limited,Real Estate,Property Development,PeLaLi
PERSISTENT,Persistent Systems Limited,Technology,IT Services,PeSyLi
PETRONET,Petronet LNG Limited,Energy,Natural Gas Distribution,PeLNLi
PFC,Power Finance Corporation Limited,Financial Services,Infrastructure Financing,PoFiCoLi
PFIZER,Pfizer Limited,Pharmaceuticals,Biopharmaceuticals,PfLi
PFOCUS,Prime Focus Limited,Media,Entertainment Services,PrFoLi
PFS,PTC India Financial Services Limited,Financial Services,Infrastructure Financing,PTInFiSeLi
PGEL,PG Electroplast Limited,Manufacturing,Plastic Products,PGElLi
PGHH,Procter & Gamble Hygiene and Health Care Limited,Consumer Goods,Personal Care Products,Pr_GaHyanHeCaLi
PGHL,Procter & Gamble Health Limited,Consumer Goods,Health Care Products,Pr_GaHeLi
PGIL,Pearl Global Industries Limited,Manufacturing,Textiles,PeGlInLi
PHOENIXLTD,The Phoenix Mills Limited,Real Estate,Hospitality,ThPhMiLi
PIDILITIND,Pidilite Industries Limited,Chemicals,Adhesives,PiInLi
PIGL,Power & Instrumentation (Gujarat) Limited,Manufacturing,Instrumentation,Po_In_GLi
PIIND,PI Industries Limited,Chemicals,Agrochemicals,PIInLi
PILANIINVS,Pilani Investment and Industries Corporation Limited,Financial Services,Investment Management,PiInanInCoLi
PILITA,PIL ITALICA LIFESTYLE LIMITED,Consumer Goods,Home Products,PIITLILI
PIONEEREMB,Pioneer Embroideries Limited,Manufacturing,Textiles,PiEmLi
PITTIENG,Pitti Engineering Limited,Manufacturing,Engineering Solutions,PiEnLi
PIXTRANS,Pix Transmissions Limited,Manufacturing,Automotive Parts,PiTrLi
PKTEA,The Peria Karamalai Tea & Produce Company Limited,Agriculture,Tea Production,ThPeKaTe_PrCoLi
PLASTIBLEN,Plastiblends India Limited,Manufacturing,Plastics,PlInLi
PLATIND,Platinum Industries Limited,Manufacturing,Chemicals,PlInLi
PLAZACABLE,Plaza Wires Limited,Manufacturing,Electrical Wires,PlWiLi
PNB,Punjab National Bank,Financial Services,Banking,PuNaBa
PNBGILTS,PNB Gilts Limited,Financial Services,Government Securities,PNGiLi
PNBHOUSING,PNB Housing Finance Limited,Financial Services,Housing Finance,PNHoFiLi
PNC,Pritish Nandy Communications Limited,Media,Entertainment and Media,PrNaCoLi
PNCINFRA,PNC Infratech Limited,Infrastructure,Construction and Engineering,PNInLi
POCL,Pondy Oxides & Chemicals Limited,Chemicals,Manufacturing and Chemicals,PoOx_ChLi
PODDARHOUS,Poddar Housing and Development Limited,Real Estate,Housing Development,PoHoanDeLi
PODDARMENT,Poddar Pigments Limited,Chemicals,Pigments and Dyes,PoPiLi
POKARNA,Pokarna Limited,Manufacturing,Stone and Granite,PoLi
POLICYBZR,PB Fintech Limited,Financial Services,Fintech,PBFiLi
POLYCAB,Polycab India Limited,Manufacturing,Wires and Cables,PoInLi
POLYMED,Poly Medicure Limited,Healthcare,Medical Devices,PoMeLi
POLYPLEX,Polyplex Corporation Limited,Manufacturing,Plastics,PoCoLi
PONNIERODE,Ponni Sugars (Erode) Limited,Food & Beverages,Sugar Production,PoSu_ELi
POONAWALLA,Poonawalla Fincorp Limited,Financial Services,Non-Banking Financial Company (NBFC),PoFiLi
POWERGRID,Power Grid Corporation of India Limited,Utilities,Electric Utilities,PoGrCoofInLi
POWERINDIA,Hitachi Energy India Limited,Electrical Equipment,Energy Solutions,HiEnInLi
POWERMECH,Power Mech Projects Limited,Infrastructure,Engineering and Construction,PoMePrLi
PPAP,PPAP Automotive Limited,Automotive,Auto Parts Manufacturing,PPAuLi
PPL,Prakash Pipes Limited,Manufacturing,Pipes and Fittings,PrPiLi
PPLPHARMA,Piramal Pharma Limited,Healthcare,Pharmaceuticals,PiPhLi
PRAENG,Prajay Engineers Syndicate Limited,Infrastructure,Engineering and Construction,PrEnSyLi
PRAJIND,Praj Industries Limited,Manufacturing,Bioenergy and Process Equipment,PrInLi
PRAKASH,Prakash Industries Limited,Manufacturing,Steel and Manufacturing,PrInLi
PRAKASHSTL,Prakash Steelage Limited,Manufacturing,Steel Products,PrStLi
PRAXIS,Praxis Home Retail Limited,Retail,Home Retail,PrHoReLi
PRECAM,Precision Camshafts Limited,Manufacturing,Automotive Components,PrCaLi
PRECOT,Precot Limited,Textiles,Cotton and Textile,PrLi
PRECWIRE,Precision Wires India Limited,Manufacturing,Wires and Cables,PrWiInLi
PREMEXPLN,Premier Explosives Limited,Manufacturing,Explosives and Chemicals,PrExLi
PREMIER,Premier Limited,Manufacturing,Consumer Goods,PrLi
PREMIERPOL,Premier Polyfilm Limited,Manufacturing,Packaging Solutions,PrPoLi
PRESTIGE,Prestige Estates Projects Limited,Real Estate,Real Estate Development,PrEsPrLi
PRICOLLTD,Pricol Limited,Automotive,Auto Components,PrLi
PRIMESECU,Prime Securities Limited,Financial Services,Brokerage and Investment,PrSeLi
PRINCEPIPE,Prince Pipes And Fittings Limited,Manufacturing,Pipes and Fittings,PrPiAnFiLi
PRITI,Priti International Limited,Manufacturing,Consumer Goods,PrInLi
PRITIKAUTO,Pritika Auto Industries Limited,Automotive,Auto Components,PrAuInLi
PRIVISCL,Privi Speciality Chemicals Limited,Chemicals,Speciality Chemicals,PrSpChLi
PROZONER,Prozone Realty Limited,Real Estate,Realty and Development,PrReLi
PRSMJOHNSN,Prism Johnson Limited,Manufacturing,Building Materials,PrJoLi
PRUDENT,Prudent Corporate Advisory Services Limited,Financial Services,Corporate Advisory,PrCoAdSeLi
PRUDMOULI,Prudential Sugar Corporation Limited,Food & Beverages,Sugar Production,PrSuCoLi
PSB,Punjab & Sind Bank,Financial Services,Banking,Pu_SiBa
PSPPROJECT,PSP Projects Limited,Construction,Infrastructure Development,PSPrLi
PTC,PTC India Limited,Utilities,Power Trading,PTInLi
PTCIL,PTC Industries Limited,Manufacturing,Industrial Products,PTInLi
PTL,PTL Enterprises Limited,Manufacturing,Engineering Products,PTEnLi
PUNJABCHEM,Punjab Chemicals & Crop Protection Limited,Chemicals,Crop Protection,PuCh_CrPrLi
PURVA,Puravankara Limited,Real Estate,Residential Development,PuLi
PVP,PVP Ventures Limited,Manufacturing,Infrastructure and Real Estate,PVVeLi
PVRINOX,PVR INOX Limited,Entertainment,Cinemas,PVINLi
PVSL,Popular Vehicles and Services Limited,Automotive,Vehicles and Services,PoVeanSeLi
PYRAMID,Pyramid Technoplast Limited,Manufacturing,Plastic Products,PyTeLi
QUESS,Quess Corp Limited,Services,Outsourcing and Staffing,QuCoLi
QUICKHEAL,Quick Heal Technologies Limited,Technology,Cybersecurity,QuHeTeLi
QUINTEGRA,Quintegra Solutions Limited,Technology,IT Services,QuSoLi
RACE,Race Eco Chain Limited,Technology,Eco Solutions,RaEcChLi
RADAAN,Radaan Mediaworks India Limited,Media,Entertainment and Media,RaMeInLi
RADHIKAJWE,Radhika Jeweltech Limited,Manufacturing,Jewelry,RaJeLi
RADIANTCMS,Radiant Cash Management Services Limited,Financial Services,Cash Management,RaCaMaSeLi
RADICO,Radico Khaitan Limited,Beverages,Alcoholic Beverages,RaKhLi
RADIOCITY,Music Broadcast Limited,Media,Radio Broadcasting,MuBrLi
RAILTEL,Railtel Corporation Of India Limited,Telecommunications,Telecom Services,RaCoOfInLi
RAIN,Rain Industries Limited,Manufacturing,Chemicals,RaInLi
RAINBOW,Rainbow Childrens Medicare Limited,Healthcare,Healthcare Services,RaChMeLi
RAJESHEXPO,Rajesh Exports Limited,Manufacturing,Gold and Jewelry,RaExLi
RAJMET,Rajnandini Metal Limited,Manufacturing,Metal Products,RaMeLi
RAJRATAN,Rajratan Global Wire Limited,Manufacturing,Wire Products,RaGlWiLi
RAJRILTD,Raj Rayon Industries Limited,Manufacturing,Textiles,RaRaInLi
RAJSREESUG,Rajshree Sugars & Chemicals Limited,Food & Beverages,Sugar Production,RaSu_ChLi
RAJTV,Raj Television Network Limited,Media,Television Broadcasting,RaTeNeLi
RAJVIR,Rajvir Industries Limited,Manufacturing,Industrial Products,RaInLi
RALLIS,Rallis India Limited,Agriculture,Crop Protection,RaInLi
RAMANEWS,Shree Rama Newsprint Limited,Manufacturing,Newsprint,ShRaNeLi
RAMAPHO,Rama Phosphates Limited,Manufacturing,Phosphates,RaPhLi
RAMASTEEL,Rama Steel Tubes Limited,Manufacturing,Steel Products,RaStTuLi
RAMCOCEM,The Ramco Cements Limited,Manufacturing,Cement Production,ThRaCeLi
RAMCOIND,Ramco Industries Limited,Manufacturing,Building Materials,RaInLi
RAMCOSYS,Ramco Systems Limited,Technology,Software and IT Services,RaSyLi
RAMKY,Ramky Infrastructure Limited,Infrastructure,Construction,RaInLi
RAMRAT,Ram Ratna Wires Limited,Manufacturing,Wires,RaRaWiLi
RANASUG,Rana Sugars Limited,Food & Beverages,Sugar Production,RaSuLi
RANEENGINE,Rane Engine Valve Limited,Manufacturing,Automotive Components,RaEnVaLi
RANEHOLDIN,Rane Holdings Limited,Manufacturing,Industrial Holdings,RaHoLi
RATEGAIN,Rategain Travel Technologies Limited,Technology,Travel Technology,RaTrTeLi
RATNAMANI,Ratnamani Metals & Tubes Limited,Manufacturing,Tubes and Pipes,RaMe_TuLi
RATNAVEER,Ratnaveer Precision Engineering Limited,Manufacturing,Precision Engineering,RaPrEnLi
RAYMOND,Raymond Limited,Manufacturing,Textiles,RaLi
RBA,Restaurant Brands Asia Limited,Food & Beverages,Fast Food,ReBrAsLi
RBL,Rane Brake Lining Limited,Manufacturing,Automotive Components,RaBrLiLi
RBLBANK,RBL Bank Limited,Financial Services,Banking,RBBaLi
RBZJEWEL,RBZ Jewellers Limited,Retail,Jewelry Retail,RBJeLi
RCF,Rashtriya Chemicals and Fertilizers Limited,Chemicals,Fertilizers,RaChanFeLi
RCOM,Reliance Communications Limited,Telecommunications,Telecom Services,ReCoLi
RECLTD,REC Limited,Utilities,Power Finance,RELi
REDINGTON,Redington Limited,Distribution,IT and Electronics,ReLi
REDTAPE,Redtape Limited,E-commerce,Retail,ReLi
REFEX,Refex Industries Limited,Chemicals,Chemicals and Industrial Products,ReInLi
REGENCERAM,Regency Ceramics Limited,Manufacturing,Ceramics,ReCeLi
RELAXO,Relaxo Footwears Limited,Retail,Footwear,ReFoLi
RELCHEMQ,Reliance Chemotex Industries Limited,Chemicals,Textiles,ReChInLi
RELIANCE,Reliance Industries Limited,Conglomerate,Energy & Petrochemicals,ReInLi
RELIGARE,Religare Enterprises Limited,Financial Services,Investment & Finance,ReEnLi
RELINFRA,Reliance Infrastructure Limited,Infrastructure,Energy & Utilities,ReInLi
REMSONSIND,Remsons Industries Limited,Manufacturing,Auto Components,ReInLi
RENUKA,Shree Renuka Sugars Limited,Food & Beverage,Sugar Production,ShReSuLi
REPCOHOME,Repco Home Finance Limited,Financial Services,Housing Finance,ReHoFiLi
REPL,Rudrabhishek Enterprises Limited,Manufacturing,Engineering Services,RuEnLi
REPRO,Repro India Limited,Media,Printing & Publishing,ReInLi
RESPONIND,Responsive Industries Limited,Manufacturing,Plastics,ReInLi
RGL,Renaissance Global Limited,Manufacturing,Jewelry,ReGlLi
RHFL,Reliance Home Finance Limited,Financial Services,Housing Finance,ReHoFiLi
RHIM,RHI Magnesita India Limited,Manufacturing,Refractories,RHMaInLi
RHL,Robust Hotels Limited,Hospitality,Hotels,RoHoLi
RICOAUTO,Rico Auto Industries Limited,Manufacturing,Auto Components,RiAuInLi
RIIL,Reliance Industrial Infrastructure Limited,Infrastructure,Utilities,ReInInLi
RISHABH,Rishabh Instruments Limited,Manufacturing,Electronics,RiInLi
RITCO,Ritco Logistics Limited,Logistics,Transportation,RiLoLi
RITES,RITES Limited,Infrastructure,Engineering Services,RILi
RKDL,Ravi Kumar Distilleries Limited,Manufacturing,Beverages,RaKuDiLi
RKEC,RKEC Projects Limited,Construction,Infrastructure,RKPrLi
RKFORGE,Ramkrishna Forgings Limited,Manufacturing,Metal Forgings,RaFoLi
RKSWAMY,R K Swamy Limited,Advertising,Marketing & PR,RKSwLi
RML,Rane (Madras) Limited,Manufacturing,Auto Components,Ra_MLi
ROHLTD,Royal Orchid Hotels Limited,Hospitality,Hotels,RoOrHoLi
ROLEXRINGS,Rolex Rings Limited,Manufacturing,Auto Components,RoRiLi
ROLLT,Rollatainers Limited,Manufacturing,Packaging,RoLi
ROLTA,Rolta India Limited,Technology,IT Services,RoInLi
ROML,Raj Oil Mills Limited,Food & Beverage,Edible Oils,RaOiMiLi
ROSSARI,Rossari Biotech Limited,Chemicals,Specialty Chemicals,RoBiLi
ROSSELLIND,Rossell India Limited,Manufacturing,Textiles,RoInLi
ROTO,Roto Pumps Limited,Manufacturing,Pumps,RoPuLi
ROUTE,Route Mobile Limited,Technology,Communication,RoMoLi
RPGLIFE,RPG Life Sciences Limited,Pharmaceuticals,Healthcare,RPLiScLi
RPOWER,Reliance Power Limited,Energy,Power Generation,RePoLi
RPPINFRA,R.P.P. Infra Projects Limited,Construction,Infrastructure,R.InPrLi
RPPL,Rajshree Polypack Limited,Manufacturing,Packaging,RaPoLi
RPSGVENT,RPSG Ventures Limited,Conglomerate,Diversified,RPVeLi
RPTECH,Rashi Peripherals Limited,Technology,Electronics,RaPeLi
RRKABEL,R R Kabel Limited,Manufacturing,Electricals,RRKaLi
RSSOFTWARE,R. S. Software (India) Limited,Technology,Software Development,R.S.So_ILi
RSWM,RSWM Limited,Manufacturing,Textiles,RSLi
RSYSTEMS,R Systems International Limited,Technology,IT Services,RSyInLi
RTNINDIA,RattanIndia Enterprises Limited,Conglomerate,Diversified,RaEnLi
RTNPOWER,RattanIndia Power Limited,Energy,Power Generation,RaPoLi
RUBYMILLS,The Ruby Mills Limited,Manufacturing,Textiles,ThRuMiLi
RUCHINFRA,Ruchi Infrastructure Limited,Infrastructure,Construction,RuInLi
RUCHIRA,Ruchira Papers Limited,Manufacturing,Paper Products,RuPaLi
RUPA,Rupa & Company Limited,Manufacturing,Apparel,Ru_CoLi
RUSHIL,Rushil Decor Limited,Manufacturing,Decoratives,RuDeLi
RUSTOMJEE,Keystone Realtors Limited,Real Estate,Real Estate,KeReLi
RVHL,Ravinder Heights Limited,Real Estate,Real Estate,RaHeLi
RVNL,Rail Vikas Nigam Limited,Transportation,Railways,RaViNiLi
S&SPOWER,S&S Power Switchgears Limited,Manufacturing,Electricals,S_PoSwLi
SABEVENTS,Sab Events & Governance Now Media Limited,Media,Event Management,SaEv_GoNoMeLi
SABTNL,Sri Adhikari Brothers Television Network Limited,Media,Television,SrAdBrTeNeLi
SADBHAV,Sadbhav Engineering Limited,Construction,Infrastructure,SaEnLi
SADBHIN,Sadbhav Infrastructure Project Limited,Construction,Infrastructure,SaInPrLi
SADHNANIQ,Sadhana Nitrochem Limited,Chemicals,Specialty Chemicals,SaNiLi
SAFARI,Safari Industries (India) Limited,Manufacturing,Furniture,SaIn_ILi
SAGARDEEP,Sagardeep Alloys Limited,Manufacturing,Alloys,SaAlLi
SAGCEM,Sagar Cements Limited,Construction,Cement,SaCeLi
SAH,Sah Polymers Limited,Manufacturing,Polymers,SaPoLi
SAHYADRI,Sahyadri Industries Limited,Manufacturing,Building Materials,SaInLi
SAIL,Steel Authority of India Limited,Metals,Steel Production,StAuofInLi
SAKAR,Sakar Healthcare Limited,Healthcare,Pharmaceuticals,SaHeLi
SAKHTISUG,Sakthi Sugars Limited,Food & Beverage,Sugar Production,SaSuLi
SAKSOFT,Saksoft Limited,Technology,IT Services,SaLi
SAKUMA,Sakuma Exports Limited,Trading,Exports,SaExLi
SALASAR,Salasar Techno Engineering Limited,Manufacturing,Engineering,SaTeEnLi
SALONA,Salona Cotspin Limited,Manufacturing,Textiles,SaCoLi
SALSTEEL,S.A.L. Steel Limited,Metals,Steel Production,S.StLi
SALZERELEC,Salzer Electronics Limited,Manufacturing,Electronics,SaElLi
SAMBHAAV,Sambhaav Media Limited,Media,Entertainment,SaMeLi
SAMHI,Samhi Hotels Limited,Hospitality,Hotels,SaHoLi
SAMPANN,Sampann Utpadan India Limited,Agriculture,Food Processing,SaUtInLi
SANCO,Sanco Industries Limited,Manufacturing,Building Materials,SaInLi
SANDESH,The Sandesh Limited,Media,News & Publishing,ThSaLi
SANDHAR,Sandhar Technologies Limited,Technology,Electronics,SaTeLi
SANDUMA,Sandur Manganese & Iron Ores Limited,Mining,Minerals,SaMa_IrOrLi
SANGAMIND,Sangam (India) Limited,Manufacturing,Textiles,Sa_ILi
SANGHIIND,Sanghi Industries Limited,Manufacturing,Cement,SaInLi
SANGHVIMOV,Sanghvi Movers Limited,Transportation,Logistics,SaMoLi
SANGINITA,Sanginita Chemicals Limited,Chemicals,Specialty Chemicals,SaChLi
SANOFI,Sanofi India Limited,Pharmaceuticals,Healthcare,SaInLi
SANSERA,Sansera Engineering Limited,Manufacturing,Engineering,SaEnLi
SANWARIA,Sanwaria Consumer Limited,Consumer Goods,Food Products,SaCoLi
SAPPHIRE,Sapphire Foods India Limited,Food & Beverage,Hospitality,SaFoInLi
SARDAEN,Sarda Energy & Minerals Limited,Energy,Minerals,SaEn_MiLi
SAREGAMA,Saregama India Limited,Media,Music & Entertainment,SaInLi
SARLAPOLY,Sarla Performance Fibers Limited,Manufacturing,Textiles,SaPeFiLi
SARVESHWAR,Sarveshwar Foods Limited,Food & Beverage,Agriculture,SaFoLi
SASKEN,Sasken Technologies Limited,Technology,IT Services,SaTeLi
SASTASUNDR,Sastasundar Ventures Limited,E-commerce,Healthcare,SaVeLi
SATIA,Satia Industries Limited,Manufacturing,Textiles,SaInLi
SATIN,Satin Creditcare Network Limited,Financial Services,Microfinance,SaCrNeLi
SATINDLTD,Sat Industries Limited,Manufacturing,Textiles,SaInLi
SAURASHCEM,Saurashtra Cement Limited,Construction,Cement,SaCeLi
SBC,SBC Exports Limited,Trading,Exports,SBExLi
SBCL,Shivalik Bimetal Controls Limited,Manufacturing,Bimetal Components,ShBiCoLi
SBFC,SBFC Finance Limited,Finance,Financial Services,SBFiLi
SBGLP,Suratwwala Business Group Limited,Trading,Diversified Investments,SuBuGrLi
SBICARD,SBI Cards and Payment Services Limited,Financial,Banking and Payments,SBCaanPaSeLi
SBILIFE,SBI Life Insurance Company Limited,Financial,Insurance,SBLiInCoLi
SBIN,State Bank of India,Financial,Banking,StBaofIn
SCHAEFFLER,Schaeffler India Limited,Manufacturing,Automotive Components,ScInLi
SCHAND,S Chand And Company Limited,Publishing,Education,SChAnCoLi
SCHNEIDER,Schneider Electric Infrastructure Limited,Manufacturing,Electrical Equipment,ScElInLi
SCI,Shipping Corporation Of India Limited,Transportation,Shipping and Logistics,ShCoOfInLi
SCILAL,Shipping Corporation of India Land and Assets Limited,Transportation,Shipping and Real Estate,ShCoofInLaanAsLi
SCPL,Sheetal Cool Products Limited,Manufacturing,Consumer Goods,ShCoPrLi
SDBL,Som Distilleries & Breweries Limited,Manufacturing,Food and Beverage,SoDi_BrLi
SEAMECLTD,Seamec Limited,Services,Marine Services,SeLi
SECMARK,SecMark Consultancy Limited,Consultancy,Business Services,SeCoLi
SECURCRED,SecUR Credentials Limited,Technology,Cybersecurity,SeCrLi
SECURKLOUD,SECUREKLOUD TECHNOLOGIES LIMITED,Technology,Cloud Security,SETELI
SEJALLTD,Sejal Glass Limited,Manufacturing,Glass Products,SeGlLi
SELAN,Selan Exploration Technology Limited,Energy,Oil and Gas,SeExTeLi
SELMC,SEL Manufacturing Company Limited,Manufacturing,Textiles,SEMaCoLi
SEMAC,SEMAC CONSULTANTS LIMITED,Consultancy,Engineering Services,SECOLI
SENCO,Senco Gold Limited,Retail,Jewelry,SeGoLi
SEPC,SEPC Limited,Infrastructure,Construction,SELi
SEQUENT,Sequent Scientific Limited,Healthcare,Pharmaceuticals,SeScLi
SERVOTECH,Servotech Power Systems Limited,Manufacturing,Renewable Energy,SePoSyLi
SESHAPAPER,Seshasayee Paper and Boards Limited,Manufacturing,Paper Products,SePaanBoLi
SETCO,Setco Automotive Limited,Manufacturing,Automotive Components,SeAuLi
SETUINFRA,Setubandhan Infrastructure Limited,Infrastructure,Construction,SeInLi
SEYAIND,Seya Industries Limited,Manufacturing,Consumer Products,SeInLi
SFL,Sheela Foam Limited,Manufacturing,Consumer Goods,ShFoLi
SGIL,Synergy Green Industries Limited,Manufacturing,Green Technology,SyGrInLi
SGL,STL Global Limited,Manufacturing,Global Trade,STGlLi
SHAH,Shah Metacorp Limited,Manufacturing,Metal Products,ShMeLi
SHAHALLOYS,Shah Alloys Limited,Manufacturing,Metal Alloys,ShAlLi
SHAILY,Shaily Engineering Plastics Limited,Manufacturing,Plastics,ShEnPlLi
SHAKTIPUMP,Shakti Pumps (India) Limited,Manufacturing,Pumps and Motors,ShPu_ILi
SHALBY,Shalby Limited,Healthcare,Hospitals,ShLi
SHALPAINTS,Shalimar Paints Limited,Manufacturing,Paints and Coatings,ShPaLi
SHANKARA,Shankara Building Products Limited,Retail,Home Improvement,ShBuPrLi
SHANTI,Shanti Overseas (India) Limited,Manufacturing,Food and Beverage,ShOv_ILi
SHANTIGEAR,Shanthi Gears Limited,Manufacturing,Gear Products,ShGeLi
SHARDACROP,Sharda Cropchem Limited,Manufacturing,Agrochemicals,ShCrLi
SHARDAMOTR,Sharda Motor Industries Limited,Manufacturing,Automotive,ShMoInLi
SHAREINDIA,Share India Securities Limited,Financial,Securities,ShInSeLi
SHEMAROO,Shemaroo Entertainment Limited,Media,Entertainment,ShEnLi
SHILPAMED,Shilpa Medicare Limited,Healthcare,Pharmaceuticals,ShMeLi
SHIVALIK,Shivalik Rasayan Limited,Manufacturing,Chemicals,ShRaLi
SHIVAMAUTO,Shivam Autotech Limited,Manufacturing,Automotive,ShAuLi
SHIVAMILLS,Shiva Mills Limited,Manufacturing,Textiles,ShMiLi
SHIVATEX,Shiva Texyarn Limited,Manufacturing,Textiles,ShTeLi
SHK,S H Kelkar and Company Limited,Manufacturing,Chemicals,SHKeanCoLi
SHOPERSTOP,Shoppers Stop Limited,Retail,Retail,ShStLi
SHRADHA,Shraddha Infraprojects Limited,Infrastructure,Construction,ShInLi
SHREDIGCEM,Shree Digvijay Cement Co. Ltd,Manufacturing,Cement,ShDiCeCoLt
SHREECEM,SHREE CEMENT LIMITED,Manufacturing,Cement,SHCELI
SHREEPUSHK,Shree Pushkar Chemicals & Fertilisers Limited,Manufacturing,Chemicals,ShPuCh_FeLi
SHREERAMA,Shree Rama Multi-Tech Limited,Manufacturing,Diversified,ShRaMuLi
SHRENIK,Shrenik Limited,Manufacturing,Miscellaneous,ShLi
SHREYANIND,Shreyans Industries Limited,Manufacturing,Textile Industry,ShInLi
SHREYAS,Shreyas Shipping & Logistics Limited,Transportation,Shipping and Logistics,ShSh_LoLi
SHRIPISTON,Shriram Pistons & Rings Limited,Manufacturing,Automotive,ShPi_RiLi
SHRIRAMFIN,Shriram Finance Limited,Financial,Financial Services,ShFiLi
SHRIRAMPPS,Shriram Properties Limited,Real Estate,Real Estate Development,ShPrLi
SHYAMCENT,Shyam Century Ferrous Limited,Manufacturing,Metals,ShCeFeLi
SHYAMMETL,Shyam Metalics and Energy Limited,Manufacturing,Metals,ShMeanEnLi
SHYAMTEL,Shyam Telecom Limited,Telecommunications,Telecom Services,ShTeLi
SICALLOG,Sical Logistics Limited,Transportation,Logistics,SiLoLi
SIEMENS,Siemens Limited,Manufacturing,Engineering,SiLi
SIGACHI,Sigachi Industries Limited,Manufacturing,Chemicals,SiInLi
SIGIND,Signet Industries Limited,Manufacturing,Miscellaneous,SiInLi
SIGMA,Sigma Solve Limited,Technology,IT Services,SiSoLi
SIGNATURE,Signatureglobal (India) Limited,Real Estate,Real Estate Development,Si_ILi
SIGNPOST,Signpost India Limited,Technology,Digital Marketing,SiInLi
SIKKO,Sikko Industries Limited,Manufacturing,Miscellaneous,SiInLi
SIL,Standard Industries Limited,Manufacturing,Textiles,StInLi
SILGO,Silgo Retail Limited,Retail,E-commerce,SiReLi
SILINV,SIL Investments Limited,Financial,Investments,SIInLi
SILLYMONKS,Silly Monks Entertainment Limited,Media,Entertainment,SiMoEnLi
SILVERTUC,Silver Touch Technologies Limited,Technology,IT Services,SiToTeLi
SIMBHALS,Simbhaoli Sugars Limited,Manufacturing,Food and Beverage,SiSuLi
SIMPLEXINF,Simplex Infrastructures Limited,Infrastructure,Construction,SiInLi
SINDHUTRAD,Sindhu Trade Links Limited,Trading,Logistics,SiTrLiLi
SINTERCOM,Sintercom India Limited,Manufacturing,Electronics,SiInLi
SIRCA,Sirca Paints India Limited,Manufacturing,Paints and Coatings,SiPaInLi
SIS,SIS LIMITED,Services,Security Services,SILI
SITINET,Siti Networks Limited,Telecommunications,Telecom Services,SiNeLi
SIYSIL,Siyaram Silk Mills Limited,Manufacturing,Textiles,SiSiMiLi
SJS,S.J.S. Enterprises Limited,Manufacturing,Consumer Goods,S.EnLi
SJVN,SJVN Limited,Energy,Renewable Energy,SJLi
SKFINDIA,SKF India Limited,Manufacturing,Bearings,SKInLi
SKIL,SKIL Infrastructure Limited,Infrastructure,Construction,SKInLi
SKIPPER,Skipper Limited,Infrastructure,Infrastructure,SkLi
SKMEGGPROD,SKM Egg Products Export (India) Limited,Manufacturing,Food and Beverage,SKEgPrEx_ILi
SKYGOLD,Sky Gold Limited,Manufacturing,Jewelry,SkGoLi
SMARTLINK,Smartlink Holdings Limited,Technology,Networking Equipment,SmHoLi
SMCGLOBAL,SMC Global Securities Limited,Financial,Securities,SMGlSeLi
SMLISUZU,SML Isuzu Limited,Manufacturing,Automotive,SMIsLi
SMLT,Sarthak Metals Limited,Manufacturing,Metals,SaMeLi
SMSLIFE,SMS Lifesciences India Limited,Healthcare,Pharmaceuticals,SMLiInLi
SMSPHARMA,SMS Pharmaceuticals Limited,Healthcare,Pharmaceuticals,SMPhLi
SNOWMAN,Snowman Logistics Limited,Services,Logistics,SnLoLi
SOBHA,Sobha Limited,Real Estate,Construction,SoLi
SOFTTECH,Softtech Engineers Limited,Technology,IT Services,SoEnLi
SOLARA,Solara Active Pharma Sciences Limited,Healthcare,Pharmaceuticals,SoAcPhScLi
SOLARINDS,Solar Industries India Limited,Manufacturing,Chemicals,SoInInLi
SOMANYCERA,Somany Ceramics Limited,Manufacturing,Ceramics,SoCeLi
SOMATEX,Soma Textiles & Industries Limited,Manufacturing,Textiles,SoTe_InLi
SOMICONVEY,Somi Conveyor Beltings Limited,Manufacturing,Machinery,SoCoBeLi
SONACOMS,Sona BLW Precision Forgings Limited,Manufacturing,Automotive,SoBLPrFoLi
SONAMLTD,SONAM LIMITED,Manufacturing,Automotive,SOLI
SONATSOFTW,Sonata Software Limited,Technology,IT Services,SoSoLi
SOTL,Savita Oil Technologies Limited,Manufacturing,Chemicals,SaOiTeLi
SOUTHBANK,The South Indian Bank Limited,Financial Services,Banking,ThSoInBaLi
SOUTHWEST,South West Pinnacle Exploration Limited,Services,Exploration,SoWePiExLi
SPAL,S. P. Apparels Limited,Manufacturing,Apparel,S.P.ApLi
SPANDANA,Spandana Sphoorty Financial Limited,Financial Services,Banking,SpSpFiLi
SPARC,Sun Pharma Advanced Research Company Limited,Healthcare,Pharmaceuticals,SuPhAdReCoLi
SPCENET,Spacenet Enterprises India Limited,Services,IT Services,SpEnInLi
SPECIALITY,Speciality Restaurants Limited,Services,Restaurants,SpReLi
SPENCERS,Spencer's Retail Limited,Retail,Grocery,SpReLi
SPIC,Southern Petrochemicals Industries Corporation Limited,Manufacturing,Chemicals,SoPeInCoLi
SPLIL,SPL Industries Limited,Manufacturing,Plastics,SPInLi
SPLPETRO,Supreme Petrochem Limited,Manufacturing,Chemicals,SuPeLi
SPMLINFRA,SPML Infra Limited,Infrastructure,Engineering,SPInLi
SPORTKING,Sportking India Limited,Manufacturing,Textiles,SpInLi
SPTL,Sintex Plastics Technology Limited,Manufacturing,Plastics,SiPlTeLi
SPYL,Shekhawati Poly-Yarn Limited,Manufacturing,Textiles,ShPoLi
SREEL,Sreeleathers Limited,Manufacturing,Leather,SrLi
SRF,SRF Limited,Manufacturing,Chemicals,SRLi
SRGHFL,SRG Housing Finance Limited,Financial Services,Housing Finance,SRHoFiLi
SRHHYPOLTD,Sree Rayalaseema Hi-Strength Hypo Limited,Manufacturing,Chemicals,SrRaHiHyLi
SRPL,Shree Ram Proteins Limited,Manufacturing,Food Products,ShRaPrLi
SSWL,Steel Strips Wheels Limited,Manufacturing,Automotive,StStWhLi
STAR,Strides Pharma Science Limited,Healthcare,Pharmaceuticals,StPhScLi
STARCEMENT,Star Cement Limited,Manufacturing,Construction Materials,StCeLi
STARHEALTH,Star Health and Allied Insurance Company Limited,Financial Services,Insurance,StHeanAlInCoLi
STARPAPER,Star Paper Mills Limited,Manufacturing,Paper,StPaMiLi
STARTECK,Starteck Finance Limited,Financial Services,Finance,StFiLi
STCINDIA,The State Trading Corporation of India Limited,Financial Services,Trading,ThStTrCoofInLi
STEELCAS,Steelcast Limited,Manufacturing,Steel,StLi
STEELCITY,Steel City Securities Limited,Financial Services,Brokerage,StCiSeLi
STEELXIND,STEEL EXCHANGE INDIA LIMITED,Financial Services,Exchange,STEXINLI
STEL,Stel Holdings Limited,Manufacturing,Electrical,StHoLi
STERTOOLS,Sterling Tools Limited,Manufacturing,Tools,StToLi
STLTECH,Sterlite Technologies Limited,Technology,Telecommunications,StTeLi
STOVEKRAFT,Stove Kraft Limited,Manufacturing,Home Appliances,StKrLi
STYLAMIND,Stylam Industries Limited,Manufacturing,Textiles,StInLi
STYRENIX,Styrenix Performance Materials Limited,Manufacturing,Chemicals,StPeMaLi
SUBEXLTD,Subex Limited,Technology,IT Services,SuLi
SUBROS,Subros Limited,Manufacturing,Automotive,SuLi
SUDARSCHEM,Sudarshan Chemical Industries Limited,Manufacturing,Chemicals,SuChInLi
SUKHJITS,Sukhjit Starch & Chemicals Limited,Manufacturing,Food Products,SuSt_ChLi
SULA,Sula Vineyards Limited,Manufacturing,Beverages,SuViLi
SUMEETINDS,Sumeet Industries Limited,Manufacturing,Textiles,SuInLi
SUMICHEM,Sumitomo Chemical India Limited,Manufacturing,Chemicals,SuChInLi
SUMIT,Sumit Woods Limited,Manufacturing,Forestry,SuWoLi
SUMMITSEC,Summit Securities Limited,Financial Services,Brokerage,SuSeLi
SUNCLAY,Sundaram Clayton Limited,Manufacturing,Automotive,SuClLi
SUNDARAM,Sundaram Multi Pap Limited,Manufacturing,Paper,SuMuPaLi
SUNDARMFIN,Sundaram Finance Limited,Financial Services,Finance,SuFiLi
SUNDARMHLD,Sundaram Finance Holdings Limited,Financial Services,Finance,SuFiHoLi
SUNDRMBRAK,Sundaram Brake Linings Limited,Manufacturing,Automotive,SuBrLiLi
SUNDRMFAST,Sundram Fasteners Limited,Manufacturing,Automotive,SuFaLi
SUNFLAG,Sunflag Iron And Steel Company Limited,Manufacturing,Steel,SuIrAnStCoLi
SUNPHARMA,Sun Pharmaceutical Industries Limited,Healthcare,Pharmaceuticals,SuPhInLi
SUNTECK,Sunteck Realty Limited,Real Estate,Construction,SuReLi
SUNTV,Sun TV Network Limited,Media,Broadcasting,SuTVNeLi
SUPERHOUSE,Superhouse Limited,Manufacturing,Apparel,SuLi
SUPERSPIN,Super Spinning Mills Limited,Manufacturing,Textiles,SuSpMiLi
SUPRAJIT,Suprajit Engineering Limited,Manufacturing,Engineering,SuEnLi
SUPREMEENG,Supreme Engineering Limited,Manufacturing,Engineering,SuEnLi
SUPREMEIND,Supreme Industries Limited,Manufacturing,Plastics,SuInLi
SUPREMEINF,Supreme Infrastructure India Limited,Infrastructure,Construction,SuInInLi
SUPRIYA,Supriya Lifescience Limited,Healthcare,Pharmaceuticals,SuLiLi
SURAJEST,Suraj Estate Developers Limited,Real Estate,Construction,SuEsDeLi
SURANASOL,Surana Solar Limited,Manufacturing,Renewable Energy,SuSoLi
SURANAT&P,Surana Telecom and Power Limited,Telecommunications,Telecom,SuTeanPoLi
SURYALAXMI,Suryalakshmi Cotton Mills Limited,Manufacturing,Textiles,SuCoMiLi
SURYAROSNI,Surya Roshni Limited,Manufacturing,Lighting,SuRoLi
SURYODAY,Suryoday Small Finance Bank Limited,Financial Services,Banking,SuSmFiBaLi
SUTLEJTEX,Sutlej Textiles and Industries Limited,Manufacturing,Textiles,SuTeanInLi
SUULD,Suumaya Industries Limited,Manufacturing,Textiles,SuInLi
SUVEN,Suven Life Sciences Limited,Healthcare,Pharmaceuticals,SuLiScLi
SUVENPHAR,Suven Pharmaceuticals Limited,Healthcare,Pharmaceuticals,SuPhLi
SUVIDHAA,Suvidhaa Infoserve Limited,Technology,IT Services,SuInLi
SUZLON,Suzlon Energy Limited,Energy,Renewable Energy,SuEnLi
SVLL,Shree Vasu Logistics Limited,Services,Logistics,ShVaLoLi
SVPGLOB,SVP GLOBAL TEXTILES LIMITED,Manufacturing,Textiles,SVGLTELI
SWANENERGY,Swan Energy Limited,Energy,Renewable Energy,SwEnLi
SWARAJENG,Swaraj Engines Limited,Manufacturing,Automotive,SwEnLi
SWELECTES,Swelect Energy Systems Limited,Energy,Renewable Energy,SwEnSyLi
SWSOLAR,Sterling and Wilson Renewable Energy Limited,Energy,Renewable Energy,StanWiReEnLi
SYMPHONY,Symphony Limited,Manufacturing,Consumer Electronics,SyLi
SYNCOMF,Syncom Formulations (India) Limited,Healthcare,Pharmaceuticals,SyFo_ILi
SYNGENE,Syngene International Limited,Healthcare,Pharmaceuticals,SyInLi
SYRMA,Syrma SGS Technology Limited,Technology,IT Services,SySGTeLi
TAINWALCHM,Tainwala Chemical and Plastic (I) Limited,Manufacturing,Chemicals,TaChanPl_ILi
TAJGVK,Taj GVK Hotels & Resorts Limited,Hospitality,Hotels,TaGVHo_ReLi
TAKE,Take Solutions Limited,Technology,IT Services,TaSoLi
TALBROAUTO,Talbros Automotive Components Limited,Manufacturing,Automotive,TaAuCoLi
TANLA,Tanla Platforms Limited,Technology,Telecommunications,TaPlLi
TARAPUR,Tarapur Transformers Limited,Manufacturing,Electrical,TaTrLi
TARC,Anant Raj Global Limited,Real Estate,Real Estate Development,AnRaGlLi
TARMAT,Tarmat Limited,Manufacturing,Construction Materials,TaLi
TARSONS,Tarsons Products Limited,Manufacturing,Packaging,TaPrLi
TASTYBITE,Tasty Bite Eatables Limited,Consumer Goods,Food & Beverages,TaBiEaLi
TATACHEM,Tata Chemicals Limited,Chemicals,Diversified Chemicals,TaChLi
TATACOMM,Tata Communications Limited,Telecommunications,Telecom Services,TaCoLi
TATACONSUM,TATA CONSUMER PRODUCTS LIMITED,Consumer Goods,Food & Beverages,TACOPRLI
TATAELXSI,Tata Elxsi Limited,Technology,IT Services & Consulting,TaElLi
TATAINVEST,Tata Investment Corporation Limited,Financials,Investment Services,TaInCoLi
TATAMOTORS,Tata Motors Limited,Automotive,Automotive Manufacturer,TaMoLi
TATAMTRDVR,Tata Motors Limited,Automotive,Automotive Manufacturer,TaMoLi
TATAPOWER,Tata Power Company Limited,Utilities,Power Generation,TaPoCoLi
TATASTEEL,Tata Steel Limited,Materials,Steel Production,TaStLi
TATATECH,Tata Technologies Limited,Technology,Engineering Services,TaTeLi
TATVA,Tatva Chintan Pharma Chem Limited,Chemicals,Pharmaceuticals,TaChPhChLi
TBZ,Tribhovandas Bhimji Zaveri Limited,Retail,Jewelry Retail,TrBhZaLi
TCI,Transport Corporation of India Limited,Transportation,Logistics,TrCoofInLi
TCIEXP,TCI Express Limited,Transportation,Courier Services,TCExLi
TCIFINANCE,TCI Finance Limited,Financials,Financial Services,TCFiLi
TCLCONS,Tantia Constructions Limited,Construction,Construction,TaCoLi
TCNSBRANDS,TCNS Clothing Co. Limited,Consumer Goods,Apparel,TCClCoLi
TCPLPACK,TCPL Packaging Limited,Manufacturing,Packaging,TCPaLi
TCS,Tata Consultancy Services Limited,Technology,IT Services & Consulting,TaCoSeLi
TDPOWERSYS,TD Power Systems Limited,Manufacturing,Electrical Equipment,TDPoSyLi
TEAMLEASE,Teamlease Services Limited,Human Resources,Staffing Services,TeSeLi
TECHIN,Techindia Nirman Limited,Technology,IT Services,TeNiLi
TECHM,Tech Mahindra Limited,Technology,IT Services & Consulting,TeMaLi
TECHNOE,Techno Electric & Engineering Company Limited,Manufacturing,Electrical Equipment,TeEl_EnCoLi
TECILCHEM,TECIL Chemicals and Hydro Power Limited,Chemicals,Diversified Chemicals,TEChanHyPoLi
TEGA,Tega Industries Limited,Manufacturing,Mining Equipment,TeInLi
TEJASNET,Tejas Networks Limited,Technology,Telecom Equipment,TeNeLi
TEMBO,Tembo Global Industries Limited,Manufacturing,Engineering Services,TeGlInLi
TERASOFT,Tera Software Limited,Technology,Software Development,TeSoLi
TEXINFRA,Texmaco Infrastructure & Holdings Limited,Construction,Infrastructure,TeIn_HoLi
TEXMOPIPES,Texmo Pipes and Products Limited,Manufacturing,Pipe Manufacturing,TePianPrLi
TEXRAIL,Texmaco Rail & Engineering Limited,Manufacturing,Rail Equipment,TeRa_EnLi
TFCILTD,Tourism Finance Corporation of India Limited,Financials,Financial Services,ToFiCoofInLi
TFL,Transwarranty Finance Limited,Financials,Financial Services,TrFiLi
TGBHOTELS,TGB Banquets And Hotels Limited,Hospitality,Hotels & Resorts,TGBaAnHoLi
THANGAMAYL,Thangamayil Jewellery Limited,Retail,Jewelry Retail,ThJeLi
THEINVEST,The Investment Trust Of India Limited,Financials,Investment Services,ThInTrOfInLi
THEJO,Thejo Engineering Limited,Manufacturing,Engineering Services,ThEnLi
THEMISMED,Themis Medicare Limited,Healthcare,Pharmaceuticals,ThMeLi
THERMAX,Thermax Limited,Manufacturing,Engineering Services,ThLi
THOMASCOOK,Thomas Cook (India) Limited,Hospitality,Travel & Tourism,ThCo_ILi
THOMASCOTT,Thomas Scott (India) Limited,Retail,Consumer Goods,ThSc_ILi
THYROCARE,Thyrocare Technologies Limited,Healthcare,Diagnostics,ThTeLi
TI,Tilaknagar Industries Limited,Consumer Goods,Alcoholic Beverages,TiInLi
TIDEWATER,Tide Water Oil Company (India) Limited,Energy,Oil & Gas,TiWaOiCo_ILi
TIIL,Technocraft Industries (India) Limited,Manufacturing,Industrial Products,TeIn_ILi
TIINDIA,Tube Investments of India Limited,Manufacturing,Diversified Industrial Products,TuInofInLi
TIJARIA,Tijaria Polypipes Limited,Manufacturing,Plastic Products,TiPoLi
TIL,TIL Limited,Manufacturing,Material Handling Equipment,TILi
TIMESGTY,Times Guaranty Limited,Financials,Financial Services,TiGuLi
TIMETECHNO,Time Technoplast Limited,Manufacturing,Plastics,TiTeLi
TIMKEN,Timken India Limited,Manufacturing,Bearings,TiInLi
TIPSFILMS,Tips Films Limited,Media,Film Production,TiFiLi
TIPSINDLTD,TIPS Industries Limited,Manufacturing,Diversified Industrial Products,TIInLi
TIRUMALCHM,Thirumalai Chemicals Limited,Chemicals,Chemicals,ThChLi
TIRUPATIFL,Tirupati Forge Limited,Manufacturing,Engineering,TiFoLi
TITAGARH,TITAGARH RAIL SYSTEMS LIMITED,Manufacturing,Rail & Engineering,TIRASYLI
TITAN,Titan Company Limited,Consumer Goods,Watches & Jewelry,TiCoLi
TMB,Tamilnad Mercantile Bank Limited,Financials,Banking,TaMeBaLi
TNPETRO,Tamilnadu PetroProducts Limited,Energy,Petrochemicals,TaPeLi
TNPL,Tamil Nadu Newsprint & Papers Limited,Manufacturing,Paper Production,TaNaNe_PaLi
TNTELE,Tamilnadu Telecommunication Limited,Telecommunications,Telecom Services,TaTeLi
TOKYOPLAST,Tokyo Plast International Limited,Manufacturing,Plastics,ToPlInLi
TORNTPHARM,Torrent Pharmaceuticals Limited,Healthcare,Pharmaceuticals,ToPhLi
TORNTPOWER,Torrent Power Limited,Utilities,Power Generation,ToPoLi
TOTAL,Total Transport Systems Limited,Transportation,Logistics,ToTrSyLi
TOUCHWOOD,Touchwood Entertainment Limited,Media,Entertainment,ToEnLi
TPHQ,Teamo Productions HQ Limited,Media,Film Production,TePrHQLi
TPLPLASTEH,TPL Plastech Limited,Manufacturing,Plastics,TPPlLi
TRACXN,Tracxn Technologies Limited,Technology,IT Services,TrTeLi
TREEHOUSE,Tree House Education & Accessories Limited,Education,Educational Services,TrHoEd_AcLi
TREJHARA,TREJHARA SOLUTIONS LIMITED,Technology,IT Services,TRSOLI
TREL,Transindia Real Estate Limited,Real Estate,Real Estate Development,TrReEsLi
TRENT,Trent Limited,Retail,Consumer Goods,TrLi
TRF,TRF Limited,Manufacturing,Engineering Services,TRLi
TRIDENT,Trident Limited,Manufacturing,Textiles,TrLi
TRIGYN,Trigyn Technologies Limited,Technology,IT Services,TrTeLi
TRIL,Transformers And Rectifiers (India) Limited,Manufacturing,Electrical Equipment,TrAnRe_ILi
TRITURBINE,Triveni Turbine Limited,Manufacturing,Turbine Manufacturing,TrTuLi
TRIVENI,Triveni Engineering & Industries Limited,Manufacturing,Engineering Services,TrEn_InLi
TRU,TruCap Finance Limited,Financials,Financial Services,TrFiLi
TTKHLTCARE,TTK Healthcare Limited,Healthcare,Pharmaceuticals,TTHeLi
TTKPRESTIG,TTK Prestige Limited,Consumer Goods,Kitchen Appliances,TTPrLi
TTL,T T Limited,Manufacturing,Consumer Electronics,TTLi
TTML,Tata Teleservices (Maharashtra) Limited,Telecommunications,Telecom Services,TaTe_MLi
TV18BRDCST,TV18 Broadcast Limited,Media,Broadcasting,TVBrLi
TVSELECT,TVS Electronics Limited,Manufacturing,Electronics,TVElLi
TVSHLTD,TVS Holdings Limited,Manufacturing,Automotive,TVHoLi
TVSMOTOR,TVS Motor Company Limited,Automotive,Automotive Manufacturer,TVMoCoLi
TVSSCS,TVS Supply Chain Solutions Limited,Logistics,Supply Chain Solutions,TVSuChSoLi
TVSSRICHAK,TVS Srichakra Limited,Manufacturing,Tires & Rubber Products,TVSrLi
TVTODAY,TV Today Network Limited,Media,Broadcasting,TVToNeLi
TVVISION,TV Vision Limited,Media,Broadcasting,TVViLi
UBL,United Breweries Limited,Consumer Goods,Beverages,UnBrLi
UCAL,UCAL LIMITED,Manufacturing,Automotive Components,UCLI
UCOBANK,UCO Bank,Financials,Banking,UCBa
UDS,Updater Services Limited,Financials,IT Services,UpSeLi
UFLEX,UFLEX Limited,Materials,Packaging,UFLi
UFO,UFO Moviez India Limited,Communication,Media & Entertainment,UFMoInLi
UGARSUGAR,The Ugar Sugar Works Limited,Consumer Goods,Food Processing,ThUgSuWoLi
UGROCAP,Ugro Capital Limited,Financials,Investment Services,UgCaLi
UJJIVAN,Ujjivan Financial Services Limited,Financials,Banking,UjFiSeLi
UJJIVANSFB,Ujjivan Small Finance Bank Limited,Financials,Banking,UjSmFiBaLi
ULTRACEMCO,UltraTech Cement Limited,Materials,Construction,UlCeLi
UMAEXPORTS,Uma Exports Limited,Consumer Goods,Exports,UmExLi
UMANGDAIRY,Umang Dairies Limited,Consumer Goods,Dairy Products,UmDaLi
UMESLTD,Usha Martin Education & Solutions Limited,Education,Services,UsMaEd_SoLi
UNICHEMLAB,Unichem Laboratories Limited,Healthcare,Pharmaceuticals,UnLaLi
UNIDT,United Drilling Tools Limited,Industrial,Machinery,UnDrToLi
UNIENTER,Uniphos Enterprises Limited,Industrial,Chemicals,UnEnLi
UNIINFO,Uniinfo Telecom Services Limited,Communication,Telecommunications,UnTeSeLi
UNIONBANK,Union Bank of India,Financials,Banking,UnBaofIn
UNIPARTS,Uniparts India Limited,Industrial,Engineering,UnInLi
UNITECH,Unitech Limited,Real Estate,Construction,UnLi
UNITEDPOLY,United Polyfab Gujarat Limited,Materials,Textiles,UnPoGuLi
UNITEDTEA,The United Nilgiri Tea Estates Company Limited,Consumer Goods,Food & Beverages,ThUnNiTeEsCoLi
UNIVAFOODS,Univa Foods Limited,Consumer Goods,Food Processing,UnFoLi
UNIVASTU,Univastu India Limited,Real Estate,Real Estate,UnInLi
UNIVCABLES,Universal Cables Limited,Industrial,Electrical,UnCaLi
UNIVPHOTO,Universus Photo Imagings Limited,Consumer Goods,Photography,UnPhImLi
UNOMINDA,UNO Minda Limited,Automotive,Components,UNMiLi
UPL,UPL Limited,Chemicals,Agriculture,UPLi
URAVI,Uravi T and Wedge Lamps Limited,Industrial,Manufacturing,UrTanWeLaLi
URJA,Urja Global Limited,Renewable Energy,Energy,UrGlLi
USHAMART,Usha Martin Limited,Industrial,Manufacturing,UsMaLi
USK,Udayshivakumar Infra Limited,Industrial,Infrastructure,UdInLi
UTIAMC,UTI Asset Management Company Limited,Financials,Asset Management,UTAsMaCoLi
UTKARSHBNK,Utkarsh Small Finance Bank Limited,Financials,Banking,UtSmFiBaLi
UTTAMSUGAR,Uttam Sugar Mills Limited,Consumer Goods,Food Processing,UtSuMiLi
V2RETAIL,V2 Retail Limited,Retail,Retail,V2ReLi
VADILALIND,Vadilal Industries Limited,Consumer Goods,Food Processing,VaInLi
VAIBHAVGBL,Vaibhav Global Limited,Consumer Goods,Jewelry,VaGlLi
VAISHALI,Vaishali Pharma Limited,Healthcare,Pharmaceuticals,VaPhLi
VAKRANGEE,Vakrangee Limited,Technology,IT Services,VaLi
VALIANTLAB,Valiant Laboratories Limited,Healthcare,Pharmaceuticals,VaLaLi
VALIANTORG,Valiant Organics Limited,Chemicals,Manufacturing,VaOrLi
VARDHACRLC,Vardhman Acrylics Limited,Materials,Plastics,VaAcLi
VARDMNPOLY,Vardhman Polytex Limited,Materials,Textiles,VaPoLi
VARROC,Varroc Engineering Limited,Automotive,Components,VaEnLi
VASCONEQ,Vascon Engineers Limited,Construction,Engineering,VaEnLi
VASWANI,Vaswani Industries Limited,Consumer Goods,Manufacturing,VaInLi
VBL,Varun Beverages Limited,Consumer Goods,Beverages,VaBeLi
VCL,Vaxtex Cotfab Limited,Materials,Textiles,VaCoLi
VEDL,Vedanta Limited,Metals & Mining,Other Industrial Metals & Mining,VeLi
VENKEYS,Venky's (India) Limited,Consumer Goods,Food Processing,Ve_ILi
VENUSPIPES,Venus Pipes & Tubes Limited,Industrial,Manufacturing,VePi_TuLi
VENUSREM,Venus Remedies Limited,Healthcare,Pharmaceuticals,VeReLi
VERANDA,Veranda Learning Solutions Limited,Education,Services,VeLeSoLi
VERTOZ,Vertoz Advertising Limited,Advertising,Media,VeAdLi
VESUVIUS,Vesuvius India Limited,Materials,Manufacturing,VeInLi
VETO,Veto Switchgears And Cables Limited,Industrial,Electrical,VeSwAnCaLi
VGUARD,V-Guard Industries Limited,Consumer Goods,Electrical,V-InLi
VHL,Vardhman Holdings Limited,Financials,Holding Company,VaHoLi
VIDHIING,Vidhi Specialty Food Ingredients Limited,Consumer Goods,Food Processing,ViSpFoInLi
VIJAYA,Vijaya Diagnostic Centre Limited,Healthcare,Diagnostics,ViDiCeLi
VIJIFIN,Viji Finance Limited,Financials,Finance,ViFiLi
VIKASECO,Vikas EcoTech Limited,Environmental,Sustainability,ViEcLi
VIKASLIFE,Vikas Lifecare Limited,Healthcare,Pharmaceuticals,ViLiLi
VIMTALABS,Vimta Labs Limited,Healthcare,Pharmaceuticals,ViLaLi
VINATIORGA,Vinati Organics Limited,Chemicals,Manufacturing,ViOrLi
VINDHYATEL,Vindhya Telelinks Limited,Telecommunications,Telecoms,ViTeLi
VINEETLAB,Vineet Laboratories Limited,Healthcare,Pharmaceuticals,ViLaLi
VINNY,Vinny Overseas Limited,Consumer Goods,Exports,ViOvLi
VINYLINDIA,Vinyl Chemicals (India) Limited,Chemicals,Manufacturing,ViCh_ILi
VIPCLOTHNG,VIP Clothing Limited,Consumer Goods,Retail,VIClLi
VIPIND,VIP Industries Limited,Consumer Goods,Luggage,VIInLi
VIPULLTD,Vipul Limited,Real Estate,Real Estate,ViLi
VIRINCHI,Virinchi Limited,Technology,IT Services,ViLi
VISAKAIND,Visaka Industries Limited,Industrial,Manufacturing,ViInLi
VISASTEEL,Visa Steel Limited,Materials,Manufacturing,ViStLi
VISESHINFO,Visesh Infotecnics Limited,Technology,IT Services,ViInLi
VISHNU,Vishnu Chemicals Limited,Chemicals,Manufacturing,ViChLi
VISHWARAJ,Vishwaraj Sugar Industries Limited,Consumer Goods,Food Processing,ViSuInLi
VIVIDHA,Visagar Polytex Limited,Materials,Textiles,ViPoLi
VLEGOV,VL E-Governance & IT Solutions Limited,Technology,IT Services,VLE-_ITSoLi
VLSFINANCE,VLS Finance Limited,Financials,Finance,VLFiLi
VMART,V-Mart Retail Limited,Retail,Retail,V-ReLi
VOLTAMP,Voltamp Transformers Limited,Industrial,Electrical,VoTrLi
VOLTAS,Voltas Limited,Consumer Goods,Electrical,VoLi
VPRPL,Vishnu Prakash R Punglia Limited,Construction,Engineering,ViPrRPuLi
VRLLOG,VRL Logistics Limited,Transportation,Logistics,VRLoLi
VSSL,Vardhman Special Steels Limited,Materials,Manufacturing,VaSpStLi
VSTIND,VST Industries Limited,Materials,Manufacturing,VSInLi
VSTL,Vibhor Steel Tubes Limited,Industrial,Manufacturing,ViStTuLi
VSTTILLERS,V.S.T Tillers Tractors Limited,Industrial,Manufacturing,V.TiTrLi
VTL,Vardhman Textiles Limited,Textiles,Manufacturing,VaTeLi
WABAG,VA Tech Wabag Limited,Engineering,Environmental,VATeWaLi
WALCHANNAG,Walchandnagar Industries Limited,Industrial,Manufacturing,WaInLi
WANBURY,Wanbury Limited,Pharmaceuticals,Healthcare,WaLi
WEALTH,Wealth First Portfolio Managers Limited,Financials,Financial Services,WeFiPoMaLi
WEBELSOLAR,Websol Energy System Limited,Renewable Energy,Solar Energy,WeEnSyLi
WEIZMANIND,Weizmann Limited,Chemicals,Manufacturing,WeLi
WEL,Wonder Electricals Limited,Electrical,Manufacturing,WoElLi
WELCORP,Welspun Corp Limited,Materials,Textiles,WeCoLi
WELENT,Welspun Enterprises Limited,Industrial,Manufacturing,WeEnLi
WELINV,Welspun Investments and Commercials Limited,Financials,Investment Services,WeInanCoLi
WELSPUNLIV,Welspun Living Limited,Consumer Goods,Home Furnishings,WeLiLi
WENDT,Wendt (India) Limited,Engineering,Manufacturing,We_ILi
WESTLIFE,WESTLIFE FOODWORLD LIMITED,Consumer Goods,Food & Beverages,WEFOLI
WEWIN,WE WIN LIMITED,Consumer Goods,Food & Beverages,WEWILI
WHEELS,Wheels India Limited,Automotive,Components,WhInLi
WHIRLPOOL,Whirlpool of India Limited,Consumer Goods,Appliances,WhofInLi
WILLAMAGOR,Williamson Magor & Company Limited,Agriculture,Tea Production,WiMa_CoLi
WINDLAS,Windlas Biotech Limited,Healthcare,Pharmaceuticals,WiBiLi
WINDMACHIN,Windsor Machines Limited,Industrial,Manufacturing,WiMaLi
WINSOME,Winsome Yarns Limited,Consumer Goods,Textiles,WiYaLi
WIPL,The Western India Plywoods Limited,Industrial,Manufacturing,ThWeInPlLi
WIPRO,Wipro Limited,Technology,IT Services,WiLi
WOCKPHARMA,Wockhardt Limited,Healthcare,Pharmaceuticals,WoLi
WONDERLA,Wonderla Holidays Limited,Hospitality,Entertainment,WoHoLi
WORTH,Worth Peripherals Limited,Consumer Goods,Manufacturing,WoPeLi
WSI,W S Industries (I) Limited,Industrial,Manufacturing,WSIn_ILi
WSTCSTPAPR,West Coast Paper Mills Limited,Materials,Paper Manufacturing,WeCoPaMiLi
XCHANGING,Xchanging Solutions Limited,Technology,IT Services,XcSoLi
XELPMOC,Xelpmoc Design And Tech Limited,Technology,IT Services,XeDeAnTeLi
XPROINDIA,Xpro India Limited,Chemicals,Manufacturing,XpInLi
YAARI,Yaari Digital Integrated Services Limited,Technology,IT Services,YaDiInSeLi
YASHO,Yasho Industries Limited,Chemicals,Manufacturing,YaInLi
YATHARTH,Yatharth Hospital & Trauma Care Services Limited,Healthcare,Healthcare,YaHo_TrCaSeLi
YATRA,Yatra Online Limited,Technology,Travel Services,YaOnLi
YESBANK,Yes Bank Limited,Financials,Banking,YeBaLi
YUKEN,Yuken India Limited,Industrial,Engineering,YuInLi
ZAGGLE,Zaggle Prepaid Ocean Services Limited,Financials,Fintech,ZaPrOcSeLi
ZEEL,Zee Entertainment Enterprises Limited,Communication,Media & Entertainment,ZeEnEnLi
ZEELEARN,Zee Learn Limited,Education,E-Learning,ZeLeLi
ZEEMEDIA,Zee Media Corporation Limited,Communication,Media,ZeMeCoLi
ZENITHEXPO,Zenith Exports Limited,Industrial,Exports,ZeExLi
ZENITHSTL,Zenith Steel Pipes & Industries Limited,Materials,Manufacturing,ZeStPi_InLi
ZENSARTECH,Zensar Technologies Limited,Technology,IT Services,ZeTeLi
ZENTEC,Zen Technologies Limited,Technology,IT Services,ZeTeLi
ZFCVINDIA,ZF Commercial Vehicle Control Systems India Limited,Automotive,Components,ZFCoVeCoSyInLi
ZIMLAB,Zim Laboratories Limited,Healthcare,Pharmaceuticals,ZiLaLi
ZODIAC,Zodiac Energy Limited,Renewable Energy,Energy,ZoEnLi
ZODIACLOTH,Zodiac Clothing Company Limited,Consumer Goods,Retail,ZoClCoLi
ZOMATO,Zomato Limited,Consumer Goods,Food Delivery,ZoLi
ZOTA,Zota Health Care Limited,Healthcare,Pharmaceuticals,ZoHeCaLi
ZUARI,Zuari Agro Chemicals Limited,Chemicals,Agriculture,ZuAgChLi
ZUARIIND,ZUARI INDUSTRIES LIMITED,Materials,Manufacturing,ZUINLI
ZYDUSLIFE,Zydus Lifesciences Limited,Healthcare,Pharmaceuticals,ZyLiLi
ZYDUSWELL,Zydus Wellness Limited,Healthcare,Wellness,ZyWeLi